date,outlet_name,reporter,headline,country,medium,link
2020-02-23,Cointelegraph,Joseph Birch,The State of Blockchain: Experts Weigh in on Adoption Around the World,USA,Internet,https://cointelegraph.com/news/the-state-of-blockchain-experts-weigh-in-on-adoption-around-the-world
2020-02-27,AMBCrypto,Aakash Athawasya,Bitcoin is building a nation on the foundation of maximalism,USA,Internet,https://eng.ambcrypto.com/bitcoin-building-a-nation-on-the-foundation-of-maximalism/
2020-02-28,Finance Magnates,Rachel McIntosh,BTC's mining power is highly concentrated in China. Should crypto users be concerned?,USA,Internet,https://www.financemagnates.com/cryptocurrency/news/does-china-control-bitcoin-and-ethereum/
2020-03-31,CoinDesk,Bradley Keoun,Remote Working Proves Unexpected Hero as Half of US Economy Shifts to Home Offices,USA,Internet,https://www.coindesk.com/remote-working-proves-unexpected-hero-as-half-of-us-economy-shifts-to-home-offices
2020-03-31,Yahoo! Finance,Bradley Keoun,Remote Working Proves Unexpected Hero as Half of US Economy Shifts to Home Offices,USA,Internet,https://ca.finance.yahoo.com/news/remote-working-proves-unexpected-hero-182504644.html
2020-04-01,Cointelegraph,Andrey Shevchenko,Proof-of-Stake Vs. Proof-of-Work: Which One Is ‘Fairer’?,USA,Internet,https://cointelegraph.com/news/proof-of-stake-vs-proof-of-work-which-one-is-fairer
2020-04-01,Finance Magnates,Rachel McIntosh,Fintech Experts Share Tips for Remote Work During Coronavirus Quarantine,USA,Internet,https://www.financemagnates.com/cryptocurrency/news/fintech-experts-share-tips-for-remote-work-during-coronavirus-quarantine/
2020-04-03,ValueWalk,RichardRed Op-Ed,The open source response to Covid-19,USA,Internet,https://www.valuewalk.com/2020/04/open-source-response-covid-19/
2020-04-17,Cointelegraph,Shiraz Jagati,"G-20's Harsh Stance on Stablecoin Is a Step Forward, but Regulators Have More to Learn",USA,Internet,https://cointelegraph.com/news/harsh-stablecoin-recommendations-from-g-20-are-a-step-in-the-right-direction-but-regulators-need-more-education
2020-04-18,Bitcoin News Network,Shiraz Jagati,"G-20's Harsh Stance on Stablecoin Is a Step Forward, but Regulators Have More to Learn",USA,Internet,https://www.btcnn.com/harsh-stablecoin-recommendations-from-g-20-are-a-step-in-the-right-direction-but-regulators-need-more-education/
2020-04-18,Investing.com,Shiraz Jagati,"G-20's Harsh Stance on Stablecoin Is a Step Forward, but Regulators Have More to Learn",USA,Internet,https://www.investing.com/news/cryptocurrency-news/g20s-harsh-stance-on-stablecoin-is-a-step-forward-but-regulators-have-more-to-learn-2144200
2020-05-05,Bitcoin News Network,Benjamin Pirus,"Bitcoin's Halving Incentivizes Miners to Sell for Double, Decred Co-Founder Says",USA,Internet,https://www.btcnn.com/bitcoins-halving-incentivizes-miners-to-sell-for-double-decred-co-founder-says/
2020-05-05,Bitprime.co,Benjamin Pirus,"Bitcoin's Halving Incentivizes Miners to Sell for Double, Decred Co-Founder Says",USA,Internet,https://bitprime.co/bitcoins-halving-incentivizes-miners-to-sell-for-double-decred-co-founder-says/
2020-05-05,Cafebiz.vm,Charles Bovaird,Is This The Perfect Time For Central Bank Digital Currencies?,Vietnam,Internet,https://cafebiz.vn/day-co-phai-la-thoi-diem-hoan-hao-de-cac-ngan-hang-trung-uong-phat-hanh-tien-ky-thuat-so-2020050613412006.chn
2020-05-05,Cointelegraph,Benjamin Pirus,"Bitcoin's Halving Incentivizes Miners to Sell for Double, Decred Co-Founder Says",USA,Internet,https://cointelegraph.com/news/bitcoin-s-halving-incentivizes-miners-to-sell-for-double-decred-co-founder-says
2020-05-05,Fintech Ranking,Charles Bovaird,Is This The Perfect Time For Central Bank Digital Currencies?,USA,Internet,https://fintechranking.com/2020/05/05/is-this-the-perfect-time-for-central-bank-digital-currencies/
2020-05-05,Forbes,Charles Bovaird,Is This The Perfect Time For Central Bank Digital Currencies?,USA,Internet,https://www.forbes.com/sites/cbovaird/2020/05/05/is-this-the-perfect-time-for-central-bank-digital-currencies/
2020-05-05,The Breaking News Headlines,Benjamin Pirus,"Bitcoin's Halving Incentivizes Miners to Sell for Double, Decred Co-Founder Says",USA,Internet,https://thebreakingnewsheadlines.com/blog/bitcoins-halving-incentivizes-miners-to-sell-for-double-decred-co-founder-says/
2020-05-05,The Bulletin Time,Benjamin Pirus,"Bitcoin's Halving Incentivizes Miners to Sell for Double, Decred Co-Founder Says",USA,Internet,https://www.thebulletintime.com/news/bitcoins-halving-incentivizes-miners-to-sell-for-double-decred-co-founder-says/
2020-05-05,Zephyrnet,Benjamin Pirus,"Bitcoin's Halving Incentivizes Miners to Sell for Double, Decred Co-Founder Says",USA,Internet,https://zephyrnet.com/bitcoins-halving-incentivizes-miners-to-sell-for-double-decred-co-founder-says/
2020-05-06,Coinkolik,Benjamin Pirus,Bitcoin Halving Sonrası Madenciler Nasıl Bir Yol İzleyecek?,Turkey,Internet,https://www.coinkolik.com/bitcoin-halving-sonrasi-madenciler-nasil-bir-yol-izleyecek/
2020-05-06,Cryptonewspoint,Benjamin Pirus,Decred Co-Founder Predicts Bitcoin Mining Will Double Its Price,India,Internet,https://www.cryptonewspoint.com/decred-co-founder-predicts-bitcoin-mining-will-double-its-price/
2020-05-06,Finance Sina,Charles Bovaird,福布斯：后新冠时代央行数字货币是否迎来发展良机？,China,Internet,https://finance.sina.com.cn/blockchain/roll/2020-05-06/doc-iircuyvi1519429.shtml
2020-05-06,Thitruonghanghoa,Charles Bovaird,Is This The Perfect Time For Central Bank Digital Currencies?,Vietnam,Internet,https://www.thitruonghanghoa.com/tin-tuc/day-co-phai-la-thoi-diem-hoan-hao-de-cac-ngan-hang-trung-uong-phat-hanh-tien-ky-thuat-so-122897.html
2020-05-06,Uzmancoin,Benjamin Pirus,"Decred kurucu ortağı: Madenciler, Bitcoin’lerini iki katına satmak isteyecekler",Turkey,Internet,https://uzmancoin.com/bitcoin-decred-halving/
2020-05-07,Bitcoin Insider,Shiraz Jagati,Stairway to Scarcity: Bitcoin Sentiment to Rise Despite Halving Impact,USA,Internet,https://www.bitcoininsider.org/article/86761/stairway-scarcity-bitcoin-sentiment-rise-despite-halving-impact
2020-05-07,Bitcoin News Network,Shiraz Jagati,Stairway to Scarcity: Bitcoin Sentiment to Rise Despite Halving Impact,USA,Internet,https://www.btcnn.com/stairway-to-scarcity-bitcoin-sentiment-to-rise-despite-halving-impact/
2020-05-07,Bitcoingold,Benjamin Pirus,مؤسس دیکرد (Decred) می گوید: هالوینگ بیت کوین (Bitcoin) ماینرها را برای فروش با قیمت دوبرابر تشویق می کند,Iran,Internet,https://bitcoingold.persianblog.ir/lL6oGZgQ98HBk5wgYDBB-مؤسس-دیکرد-Decred-می-گوید-هالوینگ-بیت-کوین-Bitcoin-ماینرها-را-برای-فروش-با-قیمت-دوبرابر-تشویق-می-کند
2020-05-07,Cointelegraph,Shiraz Jagati,Stairway to Scarcity: Bitcoin Sentiment to Rise Despite Halving Impact,USA,Internet,https://cointelegraph.com/news/stairway-to-scarcity-bitcoin-sentiment-to-rise-despite-halving-impact
2020-05-07,CryptoTV Network,Shiraz Jagati,Stairway to Scarcity: Bitcoin Sentiment to Rise Despite Halving Impact,USA,Internet,https://cryptotvnetwork.com/2020/05/08/stairway-to-scarcity-bitcoin-sentiment-to-rise-despite-halving-impact/
2020-05-07,Finance Magnates,Rachel McIntosh,Will the Upcoming Halving Increase Bitcoin’s Price?,USA,Internet,https://www.financemagnates.com/cryptocurrency/news/will-the-upcoming-halving-increase-bitcoins-price/
2020-05-07,FXStreet,Rajarshi Mitra,Decred co-founder expects Bitcoin halving to spike BTC’s price,USA,Internet,https://www.fxstreet.com/cryptocurrencies/news/decred-co-founder-expects-bitcoin-halving-to-spike-btcs-price-202005070208
2020-05-07,Investing.com,Shiraz Jagati,Stairway to Scarcity: Bitcoin Sentiment to Rise Despite Halving Impact,USA,Internet,https://www.investing.com/news/cryptocurrency-news/stairway-to-scarcity-bitcoin-sentiment-to-rise-despite-halving-impact-2164431
2020-05-07,Somagnews,Daniel Kucher,Decred co-founder: Miners will want to double their Bitcoins,USA,Internet,https://www.somagnews.com/decred-co-founder-miners-will-want-double-bitcoins/
2020-05-07,The Breaking News Headlines,Shiraz Jagati,Stairway to Scarcity: Bitcoin Sentiment to Rise Despite Halving Impact,USA,Internet,https://thebreakingnewsheadlines.com/blog/stairway-to-scarcity-bitcoin-sentiment-to-rise-despite-halving-impact/
2020-05-07,ZeroHedge,Tyler Durden,"Paul Tudor Jones Buys Bitcoin As ""Hedge Against Central-Bank Money Printing""",USA,Internet,https://www.zerohedge.com/markets/paul-tudor-jones-buys-bitcoin-hedge-against-central-bank-money-printing
2020-05-08,92.7 The Van WYVN,Gertrude Chavez-Dreyfuss,Coronavirus sows doubt over bitcoin's rally after third 'halving',USA,Internet,https://927thevan.com/news/articles/2020/may/08/as-pandemic-rages-anything-goes-for-bitcoins-third-halving/1016168/
2020-05-08,941TheDuke,Gertrude Chavez-Dreyfuss,Coronavirus sows doubt over bitcoin's rally after third 'halving',USA,Internet,https://941theduke.com/news/articles/2020/may/08/as-pandemic-rages-anything-goes-for-bitcoins-third-halving/1016168/
2020-05-08,British Asia News,Gertrude Chavez-Dreyfuss,"As pandemic rages, anything goes for bitcoin's third 'halving'",United Kingdom,Internet,https://www.britishasianews.com/news/newsDisplay.aspx?newsID=183443
2020-05-08,Business Insider,Gertrude Chavez-Dreyfuss,"As pandemic rages, anything goes for bitcoin's third 'halving'",USA,Internet,https://www.businessinsider.com/as-pandemic-rages-anything-goes-for-bitcoins-third-halving-2020-5
2020-05-08,Channel News Asia,Gertrude Chavez-Dreyfuss,"As pandemic rages, anything goes for bitcoin's third 'halving'",Singapore,Internet,https://www.channelnewsasia.com/news/business/as-pandemic-rages--anything-goes-for-bitcoin-s-third--halving--12716724
2020-05-08,Cointelegraph,Gareth Jenkinson,Top Experts Make Bitcoin Price Predictions as BTC Halving Approaches,USA,Internet,https://cointelegraph.com/news/top-experts-make-bitcoin-price-predictions-as-btc-halving-approaches
2020-05-08,Daily Magazine,Gertrude Chavez-Dreyfuss,"As pandemic rages, anything goes for bitcoin's third 'halving'",USA,Internet,http://www.dailymagazine.news/as-pandemic-rages-anything-goes-for-bitcoin-s-third-halving-nid-1181456.html
2020-05-08,Equities News,Gertrude Chavez-Dreyfuss,"Bitcoin's Much Anticipated 'Halving' Will Be May 11, Third Time in Its History",USA,Internet,https://www.equities.com/news/bitcoin-s-much-anticipated-halving-will-be-may-11-third-time-in-its-history
2020-05-08,Financial Post,Gertrude Chavez-Dreyfuss,"As pandemic rages, anything goes for bitcoin's third 'halving'",Canada,Internet,https://business.financialpost.com/pmn/business-pmn/as-pandemic-rages-anything-goes-for-bitcoins-third-halving
2020-05-08,FXStreet,Gareth Jenkinson,Top experts make Bitcoin price predictions as BTC halving approaches,USA,Internet,https://www.fxstreet.com/cryptocurrencies/news/top-experts-make-bitcoin-price-predictions-as-btc-halving-approaches-202005081459
2020-05-08,Investing.com,Gareth Jenkinson,Top Experts Make Bitcoin Price Predictions as BTC Halving Approaches,USA,Internet,https://www.investing.com/news/cryptocurrency-news/top-experts-make-bitcoin-price-predictions-as-btc-halving-approaches-2165942
2020-05-08,Investing.com,Gertrude Chavez-Dreyfuss,"As pandemic rages, anything goes for bitcoin's third 'halving'",USA,Internet,https://www.investing.com/news/forex-news/as-pandemic-rages-anything-goes-for-bitcoins-third-halving-2166139
2020-05-08,Investment Guru India,Gertrude Chavez-Dreyfuss,"As pandemic rages, anything goes for bitcoin`s third `halving`",India,Internet,https://investmentguruindia.com/WorldTopNews/As-pandemic-rages-anything-goes-for-bitcoins-third-halving
2020-05-08,Market Screener,Gertrude Chavez-Dreyfuss,"As pandemic rages, anything goes for bitcoin's third 'halving'",France,Internet,http://www.dailymagazine.news/as-pandemic-rages-anything-goes-for-bitcoin-s-third-halving-nid-1181456.html
2020-05-08,MSN,Gertrude Chavez-Dreyfuss,"Bitcoin Crosses $10,000 Threshold For First Time Since February Before Halving Again",USA,Internet,https://www.msn.com/en-in/money/topstories/bitcoin-crosses-dollar10000-threshold-for-first-time-since-february-before-halving-again/ar-BB13PmeQ
2020-05-08,Nasdaq,Gertrude Chavez-Dreyfuss,"As pandemic rages, anything goes for bitcoin's third 'halving'",USA,Internet,https://www.nasdaq.com/articles/as-pandemic-rages-anything-goes-for-bitcoins-third-halving-2020-05-08
2020-05-08,News 18,Gertrude Chavez-Dreyfuss,"Bitcoin Crosses $10,000 Threshold For First Time Since February Before Halving Again",India,Internet,https://www.news18.com/news/tech/bitcoin-crosses-10000-threshold-for-first-time-since-february-before-halving-again-2612633.html
2020-05-08,Q106fm,Gertrude Chavez-Dreyfuss,Coronavirus sows doubt over bitcoin's rally after third 'halving',USA,Internet,https://q106fm.com/news/articles/2020/may/08/as-pandemic-rages-anything-goes-for-bitcoins-third-halving/1016168/
2020-05-08,Reuters,Gertrude Chavez-Dreyfuss,"As pandemic rages, anything goes for bitcoin's third 'halving'",Global,Internet,https://www.reuters.com/article/crypto-currencies-bitcoin/as-pandemic-rages-anything-goes-for-bitcoins-third-halving-idUSL1N2CP13B
2020-05-08,Rock947,Gertrude Chavez-Dreyfuss,Coronavirus sows doubt over bitcoin's rally after third 'halving'',USA,Internet,https://rock947.com/news/articles/2020/may/08/as-pandemic-rages-anything-goes-for-bitcoins-third-halving/1016168/
2020-05-08,The Breaking News Headlines,Gareth Jenkinson,Top Experts Make Bitcoin Price Predictions as BTC Halving Approaches,USA,Internet,https://thebreakingnewsheadlines.com/blog/top-experts-make-bitcoin-price-predictions-as-btc-halving-approaches/
2020-05-08,The Bulletin Time,Gareth Jenkinson,Top Experts Make Bitcoin Price Predictions as BTC Halving Approaches,USA,Internet,https://www.thebulletintime.com/news/top-experts-make-bitcoin-price-predictions-as-btc-halving-approaches/
2020-05-08,The Economic Times,Gertrude Chavez-Dreyfuss,"As pandemic rages, anything goes for bitcoin's third 'halving'",India,Internet,https://economictimes.indiatimes.com/markets/stocks/news/as-pandemic-rages-anything-goes-for-bitcoins-third-halving/articleshow/75644625.cms
2020-05-08,The Globe and Mail,Gertrude Chavez-Dreyfuss,"As pandemic rages, anything goes for bitcoin’s third ‘halving’",Canada,Internet,https://www.theglobeandmail.com/investing/investment-ideas/article-as-pandemic-rages-anything-goes-for-bitcoins-third-halving/
2020-05-08,The New York Times,Gertrude Chavez-Dreyfuss,"As pandemic rages, anything goes for bitcoin's third 'halving'",USA,Internet,https://www.nytimes.com/reuters/2020/05/08/business/08reuters-crypto-currencies-bitcoin.html?auth=login-email&login=email
2020-05-08,Times of News,Gertrude Chavez-Dreyfuss,Bitcoin 'Halving' To Shore Up Market Value With Steady Demand: Experts,Russia,Internet,https://russia.timesofnews.com/business-economy/bitcoin-halving-to-shore-up-market-value-with-steady-demand-experts/
2020-05-08,US News & World Report,Gertrude Chavez-Dreyfuss,"As pandemic rages, anything goes for bitcoin's third 'halving'",USA,Internet,https://money.usnews.com/investing/news/articles/2020-05-08/as-pandemic-rages-anything-goes-for-bitcoins-third-halving
2020-05-08,USA News Hub,Gertrude Chavez-Dreyfuss,"As pandemic rages, anything goes for bitcoin’s third ‘halving’",USA,Internet,http://www.allusanewshub.com/2020/05/08/as-pandemic-rages-anything-goes-for-bitcoins-third-halving/
2020-05-08,Wall Street Reporter,Gertrude Chavez-Dreyfuss,"As pandemic rages, anything goes for bitcoin's third 'halving'",USA,Internet,https://www.wallstreetreporter.com/2020/05/as-pandemic-rages-anything-goes-for-bitcoins-third-halving/
2020-05-08,WDEZ,Gertrude Chavez-Dreyfuss,Coronavirus sows doubt over bitcoin's rally after third 'halving',USA,Internet,https://wdez.com/news/articles/2020/may/08/as-pandemic-rages-anything-goes-for-bitcoins-third-halving/1016168/
2020-05-08,WDSM,Gertrude Chavez-Dreyfuss,Coronavirus sows doubt over bitcoin's rally after third 'halving',USA,Internet,https://wdsm710.com/news/articles/2020/may/08/as-pandemic-rages-anything-goes-for-bitcoins-third-halving/1016168/
2020-05-08,WHTC,Gertrude Chavez-Dreyfuss,Coronavirus sows doubt over bitcoin's rally after third 'halving',USA,Internet,https://whtc.com/news/articles/2020/may/08/as-pandemic-rages-anything-goes-for-bitcoins-third-halving/1016168/
2020-05-08,WIFC,Gertrude Chavez-Dreyfuss,Coronavirus sows doubt over bitcoin's rally after third 'halving',USA,Internet,https://wifc.com/news/articles/2020/may/08/as-pandemic-rages-anything-goes-for-bitcoins-third-halving/1016168/
2020-05-08,WIMZ,Gertrude Chavez-Dreyfuss,Coronavirus sows doubt over bitcoin's rally after third 'halving',USA,Internet,https://wimz.com/news/articles/2020/may/08/as-pandemic-rages-anything-goes-for-bitcoins-third-halving/1016168/
2020-05-08,WIXX,Gertrude Chavez-Dreyfuss,Coronavirus sows doubt over bitcoin's rally after third 'halving',USA,Internet,https://wixx.com/news/articles/2020/may/08/as-pandemic-rages-anything-goes-for-bitcoins-third-halving/1016168/
2020-05-08,WKZO,Gertrude Chavez-Dreyfuss,Coronavirus sows doubt over bitcoin's rally after third 'halving',USA,Internet,https://wkzo.com/news/articles/2020/may/08/as-pandemic-rages-anything-goes-for-bitcoins-third-halving/1016168/
2020-05-08,WNFL,Gertrude Chavez-Dreyfuss,Coronavirus sows doubt over bitcoin's rally after third 'halving',USA,Internet,https://wnflsports.com/news/articles/2020/may/08/as-pandemic-rages-anything-goes-for-bitcoins-third-halving/1016168/
2020-05-08,WTAQ,Gertrude Chavez-Dreyfuss,Coronavirus sows doubt over bitcoin's rally after third 'halving',USA,Internet,https://wtaq.com/news/articles/2020/may/08/as-pandemic-rages-anything-goes-for-bitcoins-third-halving/1016168/
2020-05-08,WTVB,Gertrude Chavez-Dreyfuss,Coronavirus sows doubt over bitcoin's rally after third 'halving',USA,Internet,https://wtvbam.com/news/articles/2020/may/08/as-pandemic-rages-anything-goes-for-bitcoins-third-halving/1016168/
2020-05-08,Yahoo Finance,Lily Canter,Demand for bitcoin surges as 'halving' countdown approaches,USA,Internet,https://uk.finance.yahoo.com/news/demand-for-bitcoin-surges-as-halving-countdown-approaches-122536358.html
2020-05-08,Yahoo Finance UK,Gertrude Chavez-Dreyfuss,"As pandemic rages, anything goes for bitcoin's third 'halving'",UK,Internet,https://uk.finance.yahoo.com/news/pandemic-rages-anything-goes-bitcoins-175303595.html
2020-05-08,Zee Business,Gertrude Chavez-Dreyfuss,"As pandemic rages, anything goes for bitcoin's third 'halving'",India,Internet,https://www.zeebiz.com/personal-finance/news-as-covid-19-pandemic-rages-anything-goes-for-bitcoins-third-halving-126375
2020-05-09,Business Standard,Gertrude Chavez-Dreyfuss,Bitcoin 'halving' to shore up market value with steady demand: Experts,India,Internet,https://www.business-standard.com/article/markets/bitcoin-halving-to-sore-up-market-value-with-steady-demand-experts-120050900521_1.html
2020-05-09,Cointelegraph Italy,Gareth Jenkinson,Mancano tre giorni all'halving di Bitcoin: ecco le previsioni degli esperti,USA,Internet,https://it.cointelegraph.com/news/top-experts-make-bitcoin-price-predictions-as-btc-halving-approaches
2020-05-09,Ghana Web,Gertrude Chavez-Dreyfuss,"As pandemic rages, anything goes for bitcoin's third 'halving'",Ghana,Internet,https://www.ghanaweb.com/GhanaHomePage/world/As-pandemic-rages-anything-goes-for-bitcoin-s-third-halving-947077
2020-05-09,Kriptoworld,Gareth Jenkinson,Próbálják megbecsülni a bitcoin árfolyamát a halving közeledtével,Hungary,Internet,https://www.kriptoworld.hu/probaljak-megbecsulni-a-bitcoin-arfolyamat-a-felezodes-kozeledtevel/
2020-05-09,World News Network,Benjamin Pirus,Los expertos hacen predicciones del precio de Bitcoin en la medida que se acerca el halving,Argentina,Internet,http://worldnewsnetwork.co.in/los-expertos-hacen-predicciones-del-precio-de-bitcoin-en-la-medida-que-se-acerca-el-halving-cointelegraph-noticias-sobre-el-bitcoin-ethereum-y-el-blockchain/
2020-05-10,8BTC News,Wendy Wang,巴比特减半专题| 陪你等减半：海外社区花式喊单鉴赏| 巴比特,China,Internet,https://m.8btc.com/article/594407
2020-05-10,CAFEF.VN,Gareth Jenkinson,"""Cơn sốt halving"" năm nay liệu có khiến Bitcoin tăng giá mạnh?",Vietnam,Internet,https://cafef.vn/con-sot-halving-nam-nay-lieu-co-khien-bitcoin-thuc-su-tang-gia-manh-20200510122231372.chn
2020-05-10,Cointelegraph,Thomas Simms,"Bitcoin Tests $10,000, ‘Halving Dump,’ $1M BTC Predicted: Hodler’s Digest, May 4–10",USA,Internet,https://cointelegraph.com/news/bitcoin-tests-10-000-halving-dump-1m-btc-predicted-hodlers-digest-may-410
2020-05-10,Finance Magnates,Rachel McIntosh,Will the Bitcoin Halving Kill Independent Miners?,USA,Internet,https://www.financemagnates.com/cryptocurrency/news/will-the-bitcoin-halving-kill-independent-miners/
2020-05-10,MSN,Lily Canter,Demand for bitcoin surges as 'halving' countdown approaches,USA,Internet,https://www.msn.com/en-us/money/markets/demand-for-bitcoin-surges-as-halving-countdown-approaches/ar-BB13RavI
2020-05-10,Thitruonghanghoa,Gareth Jenkinson,"""Cơn sốt halving"" năm nay liệu có khiến Bitcoin tăng giá mạnh?",Vietnam,Internet,https://www.thitruonghanghoa.com/tin-tuc/con-sot-halving-nam-nay-lieu-co-khien-bitcoin-tang-gia-manh-123446.html
2020-05-10,Traders.vn,Gareth Jenkinson,“Cơn sốt halving” năm nay liệu có khiến Bitcoin tăng giá mạnh?,Thailand,Internet,https://traders.vn/con-sot-halving-nam-nay-lieu-co-khien-bitcoin-tang-gia-manh.html
2020-05-11,Ajans 344,Gertrude Chavez-Dreyfuss,Altın ve bitcoin fiyatları neden düştü?,Turkey,Internet,http://www.ajans344.com/altin-ve-bitcoin-fiyatlari-dustu/39360/
2020-05-11,Asahi,Gertrude Chavez-Dreyfuss,アングル：ビットコイン「半減期」、コロナ禍が価格に影響も,Japan,Internet,http://www.asahi.com/business/reuters/CRBKBN22N0VC.html
2020-05-11,Auone,Gertrude Chavez-Dreyfuss,アングル：ビットコイン「半減期」、コロナ禍が価格に影響も,Japan,Internet,https://article.auone.jp/detail/1/3/6/111_6_r_20200512_1589246293084077
2020-05-11,BBC Turkey,Gertrude Chavez-Dreyfuss,Altın ve bitcoin fiyatları neden düştü?,Turkey,Internet,https://www.bbc.com/turkce/haberler-dunya-52626565
2020-05-11,Canada.com,Gertrude Chavez-Dreyfuss,"As pandemic rages, anything goes for bitcoin's third 'halving'",USA,Internet,https://o.canada.com/pmn/technology-pmn/as-pandemic-rages-anything-goes-for-bitcoins-third-halving/wcm/18819d72-4920-4d24-93c1-7c2078b7f0df
2020-05-11,Canada.com,Gertrude Chavez-Dreyfuss,Coronavirus sows doubt over bitcoin’s rally after third ‘halving’,Canada,Internet,https://beta.canada.com/pmn/business-pmn/coronavirus-sows-doubt-over-bitcoins-rally-after-third-halving/wcm/932f2dbf-409a-4978-a4c2-ee6e9e32899d/
2020-05-11,Docomo,Gertrude Chavez-Dreyfuss,アングル：ビットコイン「半減期」、コロナ禍が価格に影響も,Japan,Internet,https://topics.smt.docomo.ne.jp/article/reuters/business/reuters-20200512042
2020-05-11,Financial Post,Gertrude Chavez-Dreyfuss,Coronavirus sows doubt over bitcoin’s rally after third ‘halving’,Canada,Internet,https://business.financialpost.com/pmn/business-pmn/coronavirus-sows-doubt-over-bitcoins-rally-after-third-halving
2020-05-11,Forex Crunch,Gertrude Chavez-Dreyfuss,How Coronavirus pandemic is poking holes in anticipated post-halving Bitcoin rally?,USA,Internet,https://www.forexcrunch.com/how-coronavirus-pandemic-is-poking-holes-in-anticipated-post-halving-bitcoin-rally/
2020-05-11,Fox Business,Gertrude Chavez-Dreyfuss,Coronavirus sows doubt over bitcoin's rally after third 'halving',USA,Internet,https://www.foxbusiness.com/markets/coronavirus-sows-doubt-over-bitcoins-rally-after-third-halving
2020-05-11,Gadgets Now,Gertrude Chavez-Dreyfuss,Coronavirus sows doubt over bitcoin’s rally after third ‘halving’,India,Internet,https://www.gadgetsnow.com/tech-news/coronavirus-sows-doubt-over-bitcoins-rally-after-third-halving/articleshow/75676561.cms
2020-05-11,Gercek Gundem,Gertrude Chavez-Dreyfuss,Altın ve bitcoin fiyatları neden düştü?,Turkey,Internet,https://www.gercekgundem.com/ekonomi/180742/altin-ve-bitcoin-fiyatlari-neden-dustu
2020-05-11,Haberler,Gertrude Chavez-Dreyfuss,Altın ve bitcoin fiyatları neden düştü?,Turkey,Internet,https://www.haberler.com/altin-ve-bitcoin-fiyatlari-neden-dustu-13212682-haberi/
2020-05-11,Leader Post,Gertrude Chavez-Dreyfuss,Coronavirus sows doubt over bitcoin’s rally after third ‘halving’,Canada,Internet,https://leaderpost.com/pmn/business-pmn/coronavirus-sows-doubt-over-bitcoins-rally-after-third-halving/wcm/932f2dbf-409a-4978-a4c2-ee6e9e32899d/
2020-05-11,Live Door News,Gertrude Chavez-Dreyfuss,アングル：ビットコイン「半減期」、コロナ禍が価格に影響も,Japan,Internet,https://news.livedoor.com/article/detail/18247224/
2020-05-11,Metro.US,Gertrude Chavez-Dreyfuss,Coronavirus sows doubt over bitcoin’s rally after third ‘halving’,USA,Internet,https://www.metro.us/coronavirus-sows-doubt-over/
2020-05-11,Mix Vale,Gertrude Chavez-Dreyfuss,Coronavírus põe rali do bitcoin em dúvida após terceiro ‘halving’,Brazil,Internet,https://www.mixvale.com.br/2020/05/11/coronavirus-poe-rali-do/
2020-05-11,MyNet,Gertrude Chavez-Dreyfuss,Altın ve bitcoin fiyatları neden düştü?,Turkey,Internet,https://www.mynet.com/altin-ve-bitcoin-fiyatlari-neden-dustu-110106514374
2020-05-11,Nasdaq,Gertrude Chavez-Dreyfuss,Coronavirus sows doubt over bitcoin's rally after third 'halving',USA,Internet,https://www.nasdaq.com/articles/coronavirus-sows-doubt-over-bitcoins-rally-after-third-halving-2020-05-11
2020-05-11,National Post,Gertrude Chavez-Dreyfuss,"As pandemic rages, anything goes for bitcoin's third 'halving'",Canada,Internet,https://nationalpost.com/pmn/technology-pmn/as-pandemic-rages-anything-goes-for-bitcoins-third-halving
2020-05-11,News Week Japan,Gertrude Chavez-Dreyfuss,アングル：ビットコイン「半減期」、コロナ禍が価格に影響も,Japan,Internet,https://www.newsweekjapan.jp/headlines/business/2020/05/275363.php
2020-05-11,News1,Gertrude Chavez-Dreyfuss,Why did gold and Bitcoin prices drop?,Egypt,Internet,https://www.news1.news/n1/2020/05/why-did-gold-and-bitcoin-prices-drop.html
2020-05-11,Nuh TV,Gertrude Chavez-Dreyfuss,Altın ve bitcoin fiyatları neden düştü?,Turkey,Internet,http://nuhtv.net/altin-ve-bitcoin-fiyatlari-neden-dustu.html
2020-05-11,One America News Network,Gertrude Chavez-Dreyfuss,Coronavirus sows doubt over bitcoin's rally after third 'halving',USA,Internet,https://www.oann.com/as-pandemic-rages-anything-goes-for-bitcoins-third-halving/
2020-05-11,Reuters,Gertrude Chavez-Dreyfuss,Coronavirus sows doubt over bitcoin's rally after third 'halving',Global,Internet,https://www.reuters.com/article/crypto-currencies-bitcoin/rpt-update-1-coronavirus-sows-doubt-over-bitcoins-rally-after-third-halving-idUSL4N2CT1IH
2020-05-11,Son Dakika Dunya,Gertrude Chavez-Dreyfuss,Altın ve bitcoin fiyatları neden düştü?,Turkey,Internet,https://www.sondakika.com/haber/haber-altin-ve-bitcoin-fiyatlari-neden-dustu-13212682/
2020-05-11,t24,Gertrude Chavez-Dreyfuss,Altın ve bitcoin fiyatları neden düştü?,Turkey,Internet,"https://t24.com.tr/haber/altin-ve-bitcoin-fiyatlari-neden-dustu,877943"
2020-05-11,The Globe and Mail,Gertrude Chavez-Dreyfuss,Coronavirus sows doubt over bitcoin’s rally after third ‘halving’,Canada,Internet,https://www.theglobeandmail.com/investing/investment-ideas/article-coronavirus-sows-doubt-over-bitcoins-rally-after-third-halving/
2020-05-11,The New York Times,Gertrude Chavez-Dreyfuss,Coronavirus sows doubt over bitcoin's rally after third 'halving',USA,Internet,https://www.nytimes.com/reuters/2020/05/11/business/11reuters-crypto-currencies-bitcoin.html
2020-05-11,ThisIsMoney,Gertrude Chavez-Dreyfuss,Coronavirus sows doubt over bitcoin's rally after third 'halving',UK,Internet,https://www.thisismoney.co.uk/wires/reuters/article-8307285/UPDATE-1-Coronavirus-sows-doubt-bitcoins-rally-halving.html
2020-05-11,UOL,Gertrude Chavez-Dreyfuss,Coronavírus põe rali do bitcoin em dúvida após terceiro 'halving',Brazil,Internet,https://www.uol.com.br/tilt/noticias/reuters/2020/05/11/coronavirus-poe-rali-do-bitcoin-em-duvida-apos-terceiro-halving.htm
2020-05-11,Wall Street Reporter,Gertrude Chavez-Dreyfuss,Coronavirus sows doubt over bitcoin's rally after third 'halving',USA,Internet,https://www.wallstreetreporter.com/2020/05/coronavirus-sows-doubt-over-bitcoins-rally-after-third-halving/
2020-05-11,Yahoo Finance,Gertrude Chavez-Dreyfuss,Coronavirus sows doubt over bitcoin's rally after third 'halving',USA,Internet,https://finance.yahoo.com/news/pandemic-rages-anything-goes-bitcoins-043528398.html
2020-05-12,BiteCoin,Gareth Jenkinson,Halving di Bitcoin fra tre giorni: le previsioni degli esperti,Italy,Internet,https://bitecoin.it/bitcoin/halving-di-bitcoin-fra-tre-giorni-le-previsioni-gli-esperti/
2020-05-12,Crypto News Australia,Gareth Jenkinson,Top Experts Make Bitcoin Price Predictions as BTC Halving Approaches,Australia,Internet,https://cryptonews.com.au/story/top-experts-make-bitcoin-price-predictions-as-btc-halving-approaches-121382
2020-05-12,CryptoSlate,Ali Martinez,Bitcoin goes through the “most brutal” halving ever recorded; here’s why,USA,Internet,https://cryptoslate.com/bitcoin-goes-through-the-most-brutal-halving-ever-recorded-heres-why/
2020-05-12,Market Investor,Rob Waugh,Bitcoin just ‘halved’ for the third time in 11 years – here’s what it means,India,Internet,https://www.marketinvestor.in/bitcoin-just-halved-for-the-third-time-in-eleven-years/
2020-05-12,Miami Diario,Gareth Jenkinson,Bitcoin a la mitad: Los expertos creen que sólo se debe comprar si se «retiene» a largo plazo,USA,Internet,https://miamidiario.com/bitcoin-a-la-mitad-los-expertos-creen-que-solo-se-debe-comprar-si-se-retiene-a-largo-plazo/
2020-05-12,MiamiDiario.com,D.P,Bitcoin halving: Experts believe it should only be bought if it is “held” in the long term,USA,Internet,https://miamidiario.com/bitcoin-a-la-mitad-los-expertos-creen-que-solo-se-debe-comprar-si-se-retiene-a-largo-plazo/
2020-05-12,Yahoo Finance,Rob Waugh,Bitcoin just ‘halved’ for the third time in 11 years – here’s what it means,USA,Internet,https://finance.yahoo.com/news/bitcoin-halved-price-165148071.html
2020-05-13,CoinTelegraph,Shiraz Jagati,Bitcoin Halving Was Not the Apocalyptic Event Some in Crypto Feared,USA,Internet,https://cointelegraph.com/news/bitcoin-halving-was-not-the-apocalyptic-event-some-in-crypto-feared
2020-05-14,CryptoSlate,Ali Martinez,Bitcoin's halving sent on-chain metrics through the roof while whales accumulate,USA,Internet,https://cryptoslate.com/bitcoins-halving-sent-on-chain-metrics-through-the-roof-while-whales-accumulate/
2020-05-15,Tap Chi Bitcoin,Ali Martinez,Bitcoin's halving sent on-chain metrics through the roof while whales accumulate,Vietnam,Internet,https://www.tapchibitcoin.vn/halving-bitcoin-kich-thich-so-lieu-on-chain-tang-vot-trong-khi-ca-voi-tich-luy.html
2020-05-20,AMB Crypto,Aakash Athawasya,"XRP trades wide as IOTA, Decred look to make room",USA,Internet,https://eng.ambcrypto.com/xrp-trades-wide-as-iota-decred-look-to-make-room/
2020-05-20,CryptoKnowmics,Tarulika Jain,Bitcoin Halving 2020 | Why Bitcoin Halving 2020 Is Not Successful?,UK,Internet,https://blog.cryptoknowmics.com/bitcoin-halving-2020/
2020-06-09,Bitcoin Insider,Benjamin Pirus,"Bitcoin Still Faces On-Chain Scaling Trouble Ahead, Decred Co-Founder Says",USA,Internet,https://www.bitcoininsider.org/article/88396/bitcoin-still-faces-chain-scaling-trouble-ahead-decred-co-founder-says
2020-06-09,Cointelegraph,Benjamin Pirus,Bitcoin Still Faces On-Chain Scaling Trouble Ahead,USA,Internet,https://cointelegraph.com/news/bitcoin-still-faces-on-chain-scaling-trouble-ahead-decred-co-founder-says
2020-06-09,Cointelegraph Brazil,Benjamin Pirus,"Bitcoin ainda enfrenta problemas de escalabilidade na cadeia, diz fundador da Decred",Brazil,Internet,https://cointelegraph.com.br/news/bitcoin-still-faces-on-chain-scaling-trouble-ahead-decred-co-founder-says
2020-06-09,Crypto Brain,Benjamin Pirus,"Bitcoin Still Faces On-Chain Scaling Trouble Ahead, Decred Co-Founder Says",USA,Internet,https://cryptobrain.net/2020/06/09/bitcoin-still-faces-on-chain-scaling-trouble-ahead-decred-co-founder-says/
2020-06-09,Crypto News Australia,Benjamin Pirus,"Bitcoin Still Faces On-Chain Scaling Trouble Ahead, Decred Co-Founder Says",Australia,Internet,https://cryptonews.com.au/story/bitcoin-still-faces-on-chain-scaling-trouble-ahead-decred-co-founder-says-125414
2020-06-09,International Cryptocurrency News,Benjamin Pirus,"Bitcoin Still Faces On-Chain Scaling Trouble Ahead, Decred Co-Founder Says",USA,Internet,https://internationalcryptocurrencynews.com/bitcoin-still-faces-on-chain-scaling-trouble-ahead-decred-co-founder-says/
2020-06-10,Chaindd,Benjamin Pirus,Decred联合创始人表示：比特币未来仍面临链上扩容的困扰,China,Internet,https://www.chaindd.com/3321602.html
2020-06-10,Coin Spectator,Benjamin Pirus,"Bitcoin Still Faces On-Chain Scaling Trouble Ahead, Decred Co-Founder Says",USA,Internet,https://coinspectator.com/news/1588434/bitcoin-still-faces-on-chain-scaling-trouble-ahead-decred-co-founder-says
2020-06-10,Investing.com Spain,Benjamin Pirus,El cofundador de Decred dice que Bitcoin aun presenta problemas de escalabilidad en cadena,Spain,Internet,https://es.investing.com/news/cryptocurrency-news/el-cofundador-de-decred-dice-que-bitcoin-aun-presenta-problemas-de-escalabilidad-en-cadena-2008897
2020-06-17,BlockChain Supper,Michael Kapilkov,Decred Co-Founder: CBDCs Can Facilitate Crony Capitalism,USA,Internet,https://www.blockchainsupper.com/news/cbdcs-can-facilitate-crony-capitalism/
2020-06-17,Cointelegraph,Michael Kapilkov,Decred Co-Founder: CBDCs Can Facilitate Crony Capitalism,USA,Internet,https://cointelegraph.com/news/decred-co-founder-cbdcs-can-facilitate-crony-capitalism
2020-06-17,Cointelegraph Italy,Michael Kapilkov,Cofondatore di Decred: le CBDC favorirebbero il nepotismo,Italy,Internet,https://it.cointelegraph.com/news/decred-co-founder-cbdcs-can-facilitate-crony-capitalism
2020-06-17,Cointelegraph Japan,Michael Kapilkov,「中央銀行デジタル通貨は縁故資本主義を加速させる」＝Decred共同創業者,Japan,Internet,https://jp.cointelegraph.com/news/decred-co-founder-cbdcs-can-facilitate-crony-capitalism
2020-06-17,Investing.com,Michael Kapilkov,Decred Co-Founder: CBDCs Can Facilitate Crony Capitalism,USA,Internet,https://www.investing.com/news/cryptocurrency-news/decred-cofounder-cbdcs-can-facilitate-crony-capitalism-2205012
2020-06-17,TechFishNews,Michael Kapilkov,Decred Co-Founder: CBDCs Can Facilitate Crony Capitalism,USA,Internet,https://www.techfishnews.com/decred-co-founder-cbdcs-can-facilitate-crony-capitalism-10951.html
2020-06-18,Investing.com Spain,Michael Kapilkov,Cofundador de Decred: Las CBDC facilitará el crecimiento del capitalismo amiguista,Spain,Internet,https://es.investing.com/news/cryptocurrency-news/cofundador-de-decred-las-cbdc-facilitara-el-crecimiento-del-capitalismo-amiguista-2011381
2020-06-18,Mon-Livret.fr,Michael Kapilkov,Les CBDC peuvent faciliter le capitalisme de copinage,France,Internet,http://www.mon-livret.fr/crypto/4241/les-cbdc-peuvent-faciliter-le-capitalisme-de-copinage/
2020-06-27,Cointelegraph,Benjamin Pirus,Decred Co-Founder Calls PayPal and Crypto 'An Odd Combination',USA,Internet,https://cointelegraph.com/news/decred-co-founder-calls-paypal-and-crypto-an-odd-combination
2020-06-27,Investing.com,Benjamin Pirus,Decred Co-Founder Calls PayPal and Crypto 'An Odd Combination',USA,Internet,https://www.investing.com/news/cryptocurrency-news/decred-cofounder-calls-paypal-and-crypto-an-odd-combination-2214322
2020-06-27,Zephyrnet,Benjamin Pirus,Co-Founder Decred Menyebut PayPal dan Crypto 'An Odd Combination',Indonesia,Internet,https://zephyrnet.com/id/pendiri-co-decred-menyebut-paypal-dan-crypto-kombinasi-yang-aneh/
2020-06-28,Bitcoin House,Benjamin Pirus,Decred联合创始人：PayPal和加密货币是一对“奇怪的组合”,China,Internet,http://www.btc798.com/articles/78925.html
2020-06-28,Cointelegraph,Thomas Simms,"PayPal Crypto Rumors, RIP Wirecard, Telegram Settles: Hodler’s Digest, June 22–28",USA,Internet,https://cointelegraph.com/news/paypal-crypto-rumors-rip-wirecard-telegram-settles-hodlers-digest-june-2228
2020-06-28,Cointelegraph Spain,Benjamin Pirus,El cofundador de Decred cree que PayPal y las criptomonedas son 'una combinación extraña',USA,Internet,https://es.cointelegraph.com/news/decred-co-founder-calls-paypal-and-crypto-an-odd-combination
2020-06-28,Cointelegraph Brazil,Benjamin Pirus,Cofundador da Decred acha 'estranha' união do PayPal com criptomoedas,Brazil,Internet,https://cointelegraph.com.br/news/decred-co-founder-calls-paypal-and-crypto-an-odd-combination
2020-06-28,Cointelegraph China,Benjamin Pirus,Decred联合创始人：PayPal和加密货币是一对“奇怪的组合”,China,Internet,https://www.tuoluocaijing.cn/article/detail-10014847.html
2020-06-28,Cointelegraph Germany,Benjamin Pirus,Krypto-Experte sieht etwaige Krypto-Pläne von PayPal als „widersprüchlich“,Germany,Internet,https://de.cointelegraph.com/news/decred-co-founder-calls-paypal-and-crypto-an-odd-combination
2020-06-28,Guibi,Benjamin Pirus,"Decred co-founder called PayPal and encryption ""a strange combination""",China,Internet,https://www.guibi.com/article/17769.html
2020-06-28,https://0xzx.com/,Benjamin Pirus,Decred联合创始人称PayPal和Crypto为“奇怪的组合”,China,Internet,https://0xzx.com/202006280722687783.html
2020-06-28,https://webgiacoin.com/,Benjamin Pirus,Người đồng sáng lập Decred gọi PayPal và Crypto là 'sự kết hợp kỳ lạ',Vietnam,Internet,https://webgiacoin.com/tintuc/nguoi-dong-sang-lap-decred-goi-paypal-va-crypto-la-su-ket-hop-ky-la-10596.html
2020-06-28,KriptoArena,Benjamin Pirus,Decred kurucu ortağı PayPal ve kriptoyu garip bir kombinasyon olarak niteledi,Turkey,Internet,https://www.kriptoarena.com/decred-kurucu-ortagi-paypal-ve-kriptoyu-garip-bir-kombinasyon-olarak-niteledi
2020-06-28,Kriptom,Semra Ekeli,Decred Kurucu Ortağı PayPal ve Kriptoyu 'Tek Bir Kombinasyon' Olarak İsimlendirdi,Turkey,Internet,https://www.kriptom.com/decred-kurucu-ortagi-paypal-ve-kriptoyu-tek-bir-kombinasyon-olarak-isimlendirdi/
2020-06-28,MHN Pakistan,Benjamin Pirus,Decred Co-Founder Calls PayPal and Crypto ‘An Odd Combination’,Pakistan,Internet,https://myhotnewspk.com/71417/decred-co-founder-calls-paypal-and-crypto-an-odd-combination/
2020-06-28,OKEX,Benjamin Pirus,Decred联合创始人：PayPal和加密货币是一对“奇怪的组合”,China,Internet,https://www.okex.com/academy/zh/co-founder-of-decred-paypal-and-cryptocurrency-are-a-strange-combination-cn
2020-06-28,Sina,Benjamin Pirus,Decred联合创始人：PayPal和加密货币是一对“奇怪的组合”,China,Internet,https://finance.sina.com.cn/stock/relnews/us/2020-06-28/doc-iircuyvk0777638.shtml
2020-06-28,TechFishNews,Benjamin Pirus,Decred Co-Founder Calls PayPal and Crypto 'An Odd Combination',USA,Internet,https://www.techfishnews.com/decred-co-founder-calls-paypal-and-crypto-an-odd-combination-12220.html
2020-06-28,TechTelegraph,Thomas Simms,"PayPal Crypto Rumors, RIP Wirecard, Telegram Settles: Hodler’s Digest, June 22–28",USA,Internet,https://www.techtelegraph.co.uk/paypal-crypto-rumors-rip-wirecard-telegram-settles-hodlers-digest-june-22-28/
2020-06-28,The Classy Investor,Thomas Simms,"PayPal Crypto Rumors, RIP Wirecard, Telegram Settles: Hodler’s Digest, June 22-28",USA,Internet,https://theclassyinvestor.com/2020/06/28/paypal-crypto-rumors-rip-wirecard-telegram-settles-hodlers-digest-june-22-28/
2020-06-28,wazbizu.com,Benjamin Pirus,区块链每日重要动态：6月28日见闻_玩币族,China,Internet,https://www.wanbizu.com/news/20200629485640.html
2020-06-28,World Today News,Benjamin Pirus,Decred Co-Founder Calls PayPal and Crypto 'An Odd Combination',USA,Internet,https://world-today-news.com/decred-co-founder-believes-paypal-and-cryptocurrencies-are-a-strange-combination/
2020-06-28,Zaker,Benjamin Pirus,Decred 联合创始人：PayPal 和加密货币是一对“奇怪的组合,China,Internet,http://www.myzaker.com/article/5ef7fd138e9f09688310bd6b/
2020-06-29,Cointelegraph Italy,Benjamin Pirus,Jake Yocom-Piatt: PayPal e criptovalute sono 'una strana combinazione',Italy,Internet,https://it.cointelegraph.com/news/decred-co-founder-calls-paypal-and-crypto-an-odd-combination
2020-06-30,AMB Crypto (quote taken from Jun 27 Cointelegraph article),Jibin Mathew George,"Cardano, Tron, Decred Price Analysis: 30 June",USA,Internet,https://eng.ambcrypto.com/cardano-tron-decred-price-analysis-30-june/
2020-07-02,ValueWalk,Richard Red ,Self-Funding Cryptocurrencies Unfazed By Recession,USA,Internet,https://www.valuewalk.com/2020/07/self-funding-cryptocurrencies-recession/
2020-07-08,Forbes,Charles Bovaird,Bitcoin Volatility Reached Lowest Since February Last Month,USA,Internet,https://www.forbes.com/sites/cbovaird/2020/07/08/bitcoin-volatility-reached-lowest-since-february-last-month/
2020-07-15,Cointelegraph Italy (quote taken from Jun 29 Cointelegraph article),Stephen O'Neal ,Una lettera di PayPal sembra confermare il suo ingresso nel mondo crypto,Italy ,Internet,https://it.cointelegraph.com/news/paypal-letter-seems-to-confirm-crypto-capability-rumors
2020-07-15,Bitpush.news (quote taken from July 15 Forbes article),Xiu Mu,"Bitcoin.org owner: Bitcoin's price stability is a good thing, allowing people to focus on applications and principles",China,Internet,https://www.bitpush.news/articles/872764
2020-07-15,Tuoluocaijing,Xiu Mu,"Bitcoin.org owner: Bitcoin's price stability is a good thing, allowing people to focus on applications and principles",China,Internet,https://www.tuoluocaijing.cn/article/detail-10018008.html
2020-07-15,WXN,Xiu Mu,"Bitcoin.org owner: Bitcoin's price stability is a good thing, allowing people to focus on applications and principles",China,Internet,https://wxn.qq.com/cmsid/20200715A02GA300
2020-07-15,ChainNews,Xiu Mu,"Bitcoin.org owner: Bitcoin's price stability is a good thing, allowing people to focus on applications and principles",China,Internet,https://www.chainnews.com/zh-hant/articles/585418132268.htm
2020-07-17,Corriere Romagna (quote taken from Jun 29 Cointelegraph Italy article) ,N/a,Le criptovalute sbarcheranno su PayPal? I dubbi degli esperti,Italy ,Internet,https://www.corriereromagna.it/le-criptovalute-sbarcheranno-su-paypal-i-dubbi-degli-esperti/
2020-08-05,AMB Crypto (quotes taken from Jun 09 Cointelegraph article) ,Biraajmaan Tamuly,Bitcoin on-chain solutions are punching above its weight again,USA,Interest,https://eng.ambcrypto.com/bitcoin-on-chain-solutions-are-punching-above-its-weight-again/
2020-08-05,Fintech Zoom,Judi Simms,Bitcoin on-chain solutions are punching above its weight again,USA,Internet,https://fintechzoom.com/fintech_news_bitcoin-news/bitcoin-on-chain-solutions-are-punching-above-its-weight-again/
2020-08-05,https://nl.0xzx.com/,Biraajmaan Tamuly,Bitcoin on-chain-oplossingen werken weer,,Internet,https://nl.0xzx.com/bitcoin-on-chain-oplossingen-werken-weer/
2020-08-06,https://nl.0xzx.com/,Biraajmaan Tamuly,تعمل حلول Bitcoin على السلسلة مرة أخرى,,Internet,https://ar.0xzx.com/20200806102765.html
2020-08-06,Sunrise Read,Linda Hopkins,Bitcoin on-chain solutions are punching above its weight again,USA,Internet,https://sunriseread.com/bitcoin-on-chain-solutions-are-punching-above-its-weight-again/109311/
2020-08-26,Financial Magnates,Rachel McIntosh,Are Crypto Platforms Taking Personal Data Protection Seriously Enough?,USA,Internet,https://www.financemagnates.com/cryptocurrency/news/are-crypto-platforms-taking-personal-data-protection-seriously-enough/
2020-08-26,USA Express,Rachel McIntosh,Are Crypto Platforms Taking Personal Data Protection Seriously Enough?,USA,Internet,https://www.theusaexpress.com/index.php/2020/08/26/are-crypto-platforms-taking-private-knowledge-safety-severely-sufficient/
2020-08-26,Pupil,Rachel McIntosh,Are Crypto Platforms Taking Personal Data Protection Seriously Enough?,France,Internet,https://www.pupil.fr/are-crypto-platforms-taking-private-information-coverage-significantly-sufficient/
2020-08-27,banks.com.gr (quote taken from Aug 26 Finance Magnates article),Χρήστος Ν. Κώνστας,Προστασία προσωπικών δεδομένων από τις πλατφόρμες Crypto.,Greece,Internet,https://banks.com.gr/prostasia-prosopikon-dedomenon-apo-tis-platformes-crypto/
2020-08-30,Cointelegraph,Benjamin Pirus,Ledger CTO discusses wallet’s safety after multiple security setbacks,USA,Internet,https://cointelegraph.com/news/ledger-cto-discusses-wallet-s-safety-after-multiple-security-setbacks
2020-08-30,Digital Market News,Benjamin Pirus,Ledger CTO discusses wallet’s safety after multiple security setbacks,USA,Internet,https://www.digitalmarketnews.com/ledger-cto-discusses-wallets-safety-after-multiple-security-setbacks/
2020-08-30,The Union Journal,Benjamin Pirus,Ledger CTO discusses wallet’s safety after multiple security setbacks,USA,Internet,https://theunionjournal.com/ledger-cto-discusses-wallets-safety-after-multiple-security-setbacks/
2020-08-30,wanbizu.com,Benjamin Pirus,Ledger首席技术官在多次安全挫折后讨论钱包的安全性,China,Internet,https://www.wanbizu.com/blockchain/20200830594643.html
2020-08-30,Armenian Reporter,Benjamin Pirus,Ledger CTO discusses wallet’s safety after multiple security setbacks,USA,Internet,https://www.reporter.am/ledger-cto-discusses-wallets-safety-after-multiple-security-setbacks/
2020-08-30,The Bharat Express,Benjamin Pirus,Ledger CTO discusses wallet’s safety after multiple security setbacks,USA,Internet,https://www.thebharatexpressnews.com/ledger-cto-discusses-portfolio-security-after-multiple-security-setbacks/
2020-08-30,Best Forex Tips,Benjamin Pirus,Ledger’s CTO Discusses Safety of Wallet after Multiple Setbacks,USA,Internet,https://bestforextips.biz/ledgers-cto-discusses-safety-of-wallet-after-multiple-setbacks/
2020-08-30,Geonomie.fr,Benjamin Pirus,Ledger CTO discute de la sécurité du portefeuille après de multiples revers de sécurité,France,Internet,https://www.geonomie.fr/actualite/bitcoin/ledger-cto-discute-de-la-securite-du-portefeuille-apres-de-multiples-revers-de-securite/
2020-08-30,WebGiaCoin,Benjamin Pirus,Ledger CTO thảo luận về sự an toàn của ví sau nhiều lần thất bại về bảo mật,Vietnam,Internet,https://webgiacoin.com/tintuc/ledger-cto-thao-luan-ve-su-an-toan-cua-vi-sau-nhieu-lan-that-bai-ve-bao-mat-16467.html
2020-08-30,247 News Around the World,Benjamin Pirus,Ledger CTO discusses wallet’s safety after multiple security setbacks,USA,Internet,https://247newsaroundtheworld.com/news/ledger-cto-discusses-wallets-safety-after-multiple-security-setbacks/
2020-09-17,The Daily Chain,Gareth Jenkinson,Decred clarify details of reported ‘vulnerability’,UK,Internet,https://thedailychain.com/decred-clarify-details-of-reported-vulnerability/
2020-09-25,Authority Magazine,Tyler Gallagher,"Meet The Disruptors: How Jake Yocom-Piatt of Decred Aims To Redefine Governance, With Blockchain Technology",USA,Internet,https://medium.com/authority-magazine/meet-the-disruptors-how-jake-yocom-piatt-of-decred-aims-to-redefine-governance-with-blockchain-5c3724f20e74
2020-09-26,AMB Crypto,Aakash Athawasya,"Will DeFi crash the crypto-economy, the same way CDOs did?",UK,Internet,https://eng.ambcrypto.com/will-defi-crash-the-crypto-economy-the-same-way-cdos-did/
2020-09-26,AMB Crypto,Aakash Athawasya,"¿DeFi colapsará la criptoeconomía, de la misma manera que lo hicieron los CDO?",USA,Internet,https://es.ambcrypto.com/defi-colapsara-la-criptoeconomia-de-la-misma-manera-que-lo-hicieron-los-cdo/
2020-09-26,Coingenius.news,Aakash Athawasya,"Will DeFi crash the crypto-economy, the same way CDOs did?",USA,Internet,https://coingenius.news/will-defi-crash-the-crypto-economy-the-same-way-cdos-did/
2020-09-26,News Break,Aakash Athawasya,"Will DeFi crash the crypto-economy, the same way CDOs did?",USA,Internet,https://www.newsbreak.com/news/2070490056559/will-defi-crash-the-crypto-economy-the-same-way-cdos-did
2020-09-26,news.huoxing24.com,Aakash Athawasya,DeFi是否会像08年“次贷危机”一样使加密经济崩溃？,China,Internet,https://news.huoxing24.com/20200927101309684636.html
2020-09-26,https://www.tuoluocaijing.cn,Aakash Athawasya,DeFi 是否会像08年“次贷危机”一样使加密经济崩溃？,China,Internet,https://www.tuoluocaijing.cn/article/detail-10028488.html
2020-09-26,www.beekuaibao.com/,Aakash Athawasya,DeFi是否会像08年“次贷危机”一样使加密经济崩溃？,China,Internet,https://www.beekuaibao.com/article/759723105117646848
2020-09-27,www.bishijie.com/,Aakash Athawasya,DeFi是否会像08年“次贷危机”一样使加密经济崩溃？,China,Internet,https://www.bishijie.com/shendu/132136.html
2020-09-27,btc798.com,Aakash Athawasya,DeFi 是否会像08年“次贷危机”一样使加密经济崩溃？,China,Internet,http://www.btc798.com/articles/81168.html
2020-09-27,Crypto Fund Report,Aakash Athawasya,"Will DeFi Crash The Crypto-Economy, The Same Way CDOs Did?",USA,Internet,https://www.cryptofundreport.com/articles/will-defi-crash-the-crypto-economy-the-same-way-cdos-did/
2020-09-27,https://0xzx.com/,Aakash Athawasya,DeFi是否会像CDO一样使加密货币经济崩盘？,China,Internet,https://0xzx.com/202009271403849098.html
2020-09-28,https://tapchibitcoin.io/,Aakash Athawasya,Liệu DeFi có làm sụp đổ nền kinh tế tiền điện tử giống như cách mà CDO đã làm trong cuộc khủng hoảng 2007?,Vietnam,Internet,https://tapchibitcoin.io/lieu-defi-co-lam-sup-do-nen-kinh-te-tien-dien-tu-giong-nhu-cach-ma-cdo-da-lam-trong-nam-2009.html
2020-09-28,Crypto Hellenic Bloc,Aakash Athawasya,"ΜΗΠΩΣ Η DEFI ΘΑ ΣΥΝΤΡΙΨΕΙ ΤΗΝ ΚΡΥΠΤΟΟΙΚΟΝΟΜΙΑ, ΟΠΩΣ ΕΚΑΝΑΝ ΤΑ CDO ΣΤΗΝ ΚΡΙΣΗ ΤΩΝ ΑΚΙΝΗΤΩΝ;",Greece,Internet,https://cryptohellenicbloc.com/2020/09/28/%CE%BC%CE%AE%CF%80%CF%89%CF%82-%CE%B7-defi-%CE%B8%CE%B1-%CF%83%CF%85%CE%BD%CF%84%CF%81%CE%AF%CF%88%CE%B5%CE%B9-%CF%84%CE%B7%CE%BD-%CE%BA%CF%81%CF%85%CF%80%CF%84%CE%BF%CE%BF%CE%B9%CE%BA%CE%BF%CE%BD/
2020-10-02,Chain News,Aakash Athawasya,洞見未來 : Decred 如何利用區塊鏈技術重構治理體系,China,Internet,https://www.chainnews.com/zh-hant/articles/479188045679.htm
2020-10-12,Cointelegraph,Anirudh Tiwari,DeFi market fall showcases how rising TVL doesn’t tell the full story,USA,Internet,https://cointelegraph.com/news/defi-market-fall-showcases-how-rising-tvl-doesn-t-tell-the-full-story
2020-10-12,Cointelegraph China,Anirudh Tiwari,DeFi市场下跌而TVL上升，DeFi市场会成为泡沫吗？,China,Internet,https://cointelegraphcn.com/news/defi-market-fall-showcases-how-rising-tvl-doesn-t-tell-the-full-story
2020-10-12,Cointelegraph Spain,Anirudh Tiwari,El otoño del mercado DeFi muestra cómo el constante aumento del Valor Total Bloqueado no cuenta la historia completa,Spain,Internet,https://es.cointelegraph.com/news/defi-market-fall-showcases-how-rising-tvl-doesn-t-tell-the-full-story
2020-10-12,Investing.com,Anirudh Tiwari,DeFi market fall showcases how rising TVL doesn’t tell the full story,USA,Internet,https://www.investing.com/news/cryptocurrency-news/defi-market-fall-showcases-how-rising-tvl-doesnt-tell-the-full-story-2322455
2020-10-12,Europe & World News,Anirudh Tiwari,The fall of the DeFi market shows that a steadily increasing total blocked value doesn’t tell the full story,USA,Internet,https://www.europeworldnews.com/the-fall-of-the-defi-market-shows-that-a-steadily-increasing-total-blocked-value-doesnt-tell-the-full-story/
2020-10-12,WEBGIACOIN,Anirudh Tiwari,Sự sụt giảm của thị trường DeFi cho thấy mức độ tăng của TVL không kể hết câu chuyện,Vietnam,Internet,https://webgiacoin.com/tintuc/su-sut-giam-cua-thi-truong-defi-cho-thay-muc-do-tang-cua-tvl-khong-ke-het-cau-chuyen-20213.html
2020-10-12,BitFinanzas,Anirudh Tiwari,¿Las métricas de valor total bloqueado «TVL» son confiables para medir el mercado DeFi?,USA,Internet,https://bitfinanzas.com/las-metricas-de-valor-total-bloqueado-tvl-son-confiables-para-medir-el-mercado-defi/
2020-10-12,Min livret,Anirudh Tiwari,L’automne du marché DeFi montre à quel point la hausse de TVL ne raconte pas toute l’histoire,France,Internet,https://www.mon-livret.fr/actualite/crypto/lautomne-du-marche-defi-montre-a-quel-point-la-hausse-de-tvl-ne-raconte-pas-toute-lhistoire/
2020-10-12,8BTC,Anirudh Tiwari,DeFi市场下跌而TVL上升，DeFi市场会成为泡沫吗？,China,Internet,https://www.8btc.com/media/655459
2020-10-13,China Gold Network,Anirudh Tiwari,DeFi市场下跌而TVL上升 DeFi市场会成为泡沫吗？,China,Internet,http://gold.cngold.com.cn/20201013d11141n347870346.html
2020-10-13,KNOWING,Anirudh Tiwari,DeFi市場萎縮TVL卻不斷上升，DeFi市場會成為泡沫嗎？,Taiwan,Internet,https://news.knowing.asia/news/f4caf1b0-fa23-4e95-aa1a-ce7255427e73
2020-10-13,Bi Shi Jie,Anirudh Tiwari,DeFi市场下跌而TVL上升，DeFi市场会成为泡沫吗？,China,Internet,https://www.bishijie.com/shendu/135156.html
2020-10-13,Sina Finance,Anirudh Tiwari,DeFi市场下跌而TVL上升 DeFi市场会成为泡沫吗？ 金色财经,China,Internet,https://cj.sina.com.cn/articles/view/6311913111/178382697020010z2y?from=finance
2020-10-13,The Bharat Express News,Anirudh Tiwari,Fall of DeFi Market Shows How TVL Rise Does Not Tell the Full Story,India,Internet,https://www.thebharatexpressnews.com/fall-of-defi-market-shows-how-tvl-rise-does-not-tell-the-full-story/
2020-10-13,GeekMeta,Anirudh Tiwari,DeFi 市场下跌而 TVL 上升，DeFi 市场会成为泡沫吗？,China,Internet,https://www.geekmeta.com/article/2503072.html
2020-10-13,BTC HANGQING.CN,Anirudh Tiwari,如果债务市场下跌，TVL上升，债务市场会变成泡沫吗？,China,Internet,https://www.btchangqing.cn/120059.html
2020-10-12,Criptoredes,Anirudh Tiwari,El otoño del mercado DeFi muestra cómo el constante aumento del Valor Total Bloqueado no cuenta la historia completa,Spain,Internet,https://criptoredes.com/2020/10/12/el-otono-del-mercado-defi-muestra-como-el-constante-aumento-del-valor-total-bloqueado-no-cuenta-la-historia-completa/
2020-10-13,BTC17,Anirudh Tiwari,如果债务市场下跌，TVL上升，债务市场会变成泡沫吗？,China,Internet,https://www.btc17.com/30163.html
2020-10-13,TokenBus.CN,Anirudh Tiwari,DeFi市场下跌而TVL上升 DeFi市场会成为泡沫吗？,China,Internet,http://m.tokenbus.cn/a/100126283.html
2020-10-13,PANTACX,Anirudh Tiwari,DeFi市场下跌而TVL上升，DeFi市场会成为泡沫吗？,China,Internet,https://www.pantacx.com/archives/20905
2020-10-13,Bijiaocheng,Anirudh Tiwari,DeFi市场下跌而TVL上升，DeFi市场会成为泡沫吗？,China,Internet,https://www.bijiaocheng.com/zixun/guandian/131940.html
2020-10-13,Crypto News Austrailia,Anirudh Tiwari,DeFi market fall showcases how rising TVL doesnt tell the full story,Austrailia,Internet,https://cryptonews.com.au/story/defi-market-fall-showcases-how-rising-tvl-doesnt-tell-the-full-story-139480
2020-10-15,鏈聞 ChainNews,Anirudh Tiwari,DeFi 在夏季的狂熱後是否會變成泡沫？,China,Internet,https://www.chainnews.com/zh-hant/articles/231681577520.htm
2020-10-21,Geek Insider,Alan Daniel,Decred Announces Launch of DCRDEX,USA,Internet,https://geekinsider.com/decred-announces-launch-of-dcrdex/
2020-10-21,Crowdfund Insider,Omar Faridi,"Decred, a Security and Scalability focused Digital Currency Project, Launches DCRDEX, a Non-Custodial Exchange",USA,Internet,https://www.crowdfundinsider.com/2020/10/168215-decred-a-security-and-scalability-focused-digital-currency-project-launches-dcrdex-a-non-custodial-exchange/
2020-10-22,0xzx,Omar Faridi,专注于安全性和可伸缩性的数字货币项目Decred推出了非托管交易所DCRDEX,China,Internet,https://0xzx.com/202010220412898443.html
2020-10-21,Fortune The Ledger,Jeff John Roberts and David Z. Morris,"Digital banks: Feature, product or business?",USA,Internet,https://fortune.com/2020/10/21/digital-banks-feature-product-or-business/
2020-10-21,Bankless Times,Staff Writer,Decred launches DCRDEX,Canada,Internet,https://www.banklesstimes.com/2020/10/21/decred-launches-dcrdex/
2020-10-21,Crypto Potato,Felix Mollen,Decred Announces its First Zero-Fees Decentralized Exchange: DCRDEX,Bulgaria,Internet,https://cryptopotato.com/decred-announces-dcrdex-decentralized-exchange/
2020-10-21,CoinMarket Cap,Felix Mollen,Decred Announces its First Zero-Fees Decentralized Exchange: DCRDEX,USA,Internet,https://coinmarketcap.com/headlines/news/decred-announces-dcrdex-decentralized-exchange/
2020-10-21,Bitcoin Insider,Felix Mollen,Decred Announces its First Zero-Fees Decentralized Exchange: DCRDEX,USA,Internet,https://www.bitcoininsider.org/article/96269/decred-announces-its-first-zero-fees-decentralized-exchange-dcrdex
2020-10-21,Coinstat,Felix Mollen,Decred Announces its First Zero-Fees Decentralized Exchange: DCRDEX,The Netherlands,Internet,https://coinstat.nl/en/crypto-news/180165/decred-announces-zero-fees-decentralized-exchange-dcrdex
2020-10-21,Cision PRWeb,PRWeb,Decred Announces Launch of DCRDEX - First Exchange with No Trading Fees Seeks to Disrupt Billion-Dollar Crypto Exchange Market,UK,Internet,http://www.prweb.com/releases/decred_announces_launch_of_dcrdex_first_exchange_with_no_trading_fees_seeks_to_disrupt_billion_dollar_crypto_exchange_market/prweb17487844.htm
2020-10-21,PRWeb Report: The PRWeb announcement was syndicated to 87 publications including MarketWatch ,PRWeb,Decred Announces Launch of DCRDEX - First Exchange with No Trading Fees Seeks to Disrupt Billion-Dollar Crypto Exchange Market,UK,Internet,https://drive.google.com/file/d/161nx5O9V8gDWIZ_z6rXyvySpv32OOR9g/view
2020-10-21,Benzinga,"PRWeb (additional syndication, not included in the PRWeb Report)",Decred Announces Launch of DCRDEX - First Exchange with No Trading Fees Seeks to Disrupt Billion-Dollar Crypto Exchange Market,USA,Online,https://www.benzinga.com/pressreleases/20/10/n17998254/decred-announces-launch-of-dcrdex-first-exchange-with-no-trading-fees-seeks-to-disrupt-billion-dol
2020-10-21,ADVFN,"PRWeb (additional syndication, not included in the PRWeb Report)",Decred Announces Launch of DCRDEX - First Exchange with No Trading Fees Seeks to Disrupt Billion-Dollar Crypto Exchange Market,Canada,Online,https://ca.advfn.com/stock-market/stock-news/83505864/decred-announces-launch-of-dcrdex-first-exchange
2020-10-21,We Buy Bitcoins,"PRWeb (additional syndication, not included in the PRWeb Report)",Decred Announces Launch of DCRDEX - First Exchange with No Trading Fees Seeks to Disrupt Billion-Dollar Crypto Exchange Market,Austrailia,Online,https://www.webuybitcoins.com.au/decred-announces-launch-of-dcrdex/
2020-10-21,TheMiddletownPress,"PRWeb (additional syndication, not included in the PRWeb Report)",Decred Announces Launch of DCRDEX - First Exchange with No Trading Fees Seeks to Disrupt Billion-Dollar Crypto Exchange Market,USA,Online,https://www.middletownpress.com/business/press-releases/article/Decred-Announces-Launch-of-DCRDEX-First-15664232.php
2020-10-21,My San Antonio,"PRWeb (additional syndication, not included in the PRWeb Report)",Decred Announces Launch of DCRDEX - First Exchange with No Trading Fees Seeks to Disrupt Billion-Dollar Crypto Exchange Market,USA,Online,https://www.mysanantonio.com/business/press-releases/article/Decred-Announces-Launch-of-DCRDEX-First-15664232.php
2020-10-21,Times Union,"PRWeb (additional syndication, not included in the PRWeb Report)",Decred Announces Launch of DCRDEX - First Exchange with No Trading Fees Seeks to Disrupt Billion-Dollar Crypto Exchange Market,USA,Online,https://www.timesunion.com/business/press-releases/article/Decred-Announces-Launch-of-DCRDEX-First-15664232.php
2020-10-21,Chron.,"PRWeb (additional syndication, not included in the PRWeb Report)",Decred Announces Launch of DCRDEX - First Exchange with No Trading Fees Seeks to Disrupt Billion-Dollar Crypto Exchange Market,USA,Online,https://www.chron.com/business/press-releases/article/Decred-Announces-Launch-of-DCRDEX-First-15664232.php
2020-10-21,The Register Citizen,"PRWeb (additional syndication, not included in the PRWeb Report)",Decred Announces Launch of DCRDEX - First Exchange with No Trading Fees Seeks to Disrupt Billion-Dollar Crypto Exchange Market,USA,Online,https://www.registercitizen.com/business/press-releases/article/Decred-Announces-Launch-of-DCRDEX-First-15664232.php
2020-10-21,New Haven Register,"PRWeb (additional syndication, not included in the PRWeb Report)",Decred Announces Launch of DCRDEX - First Exchange with No Trading Fees Seeks to Disrupt Billion-Dollar Crypto Exchange Market,USA,Online,https://www.nhregister.com/business/press-releases/article/Decred-Announces-Launch-of-DCRDEX-First-15664232.php
2020-10-21,Stamford Advocate,"PRWeb (additional syndication, not included in the PRWeb Report)",Decred Announces Launch of DCRDEX - First Exchange with No Trading Fees Seeks to Disrupt Billion-Dollar Crypto Exchange Market,USA,Online,https://www.stamfordadvocate.com/business/press-releases/article/Decred-Announces-Launch-of-DCRDEX-First-15664232.php
2020-10-21,Le Lézard,"PRWeb (additional syndication, not included in the PRWeb Report)",Decred Announces Launch of DCRDEX - First Exchange with No Trading Fees Seeks to Disrupt Billion-Dollar Crypto Exchange Market,Canada,Online,https://www.lelezard.com/en/news-19478667.html
2020-10-21,The Traderszone Network,Staff Writer,Decred launches DCRDEX,USA,Online,https://traderszone.net/decred-launches-dcrdex
2020-10-21,Cointelegraph Italy (Quote from Jake taken from previous Cointelegraph article on PayPal),Andrey Shevchenko,PayPal offrirà pagamenti con criptovalute a partire dal 2021,Italy,Online,https://it.cointelegraph.com/news/paypal-to-offer-crypto-payments-starting-in-2021
2020-10-21,InfoQ (Syndicated from Cointelegraph article),褚杏娟,支付巨头PayPal宣布支持加密货币买卖和购物，比特币应声突破12800美元,China,Online,https://www.infoq.cn/article/v63QwEQ52bX3G4FcetyH
2020-10-22,Crypto Option,N/A,Decred Announces the Launch of its First Decentralized Exchange DCRDEX,USA,Online,https://www.crypto-option.com/decred-announces-the-launch-of-its-first-decentralized-exchange-dcrdex/
2020-10-22,Crypto Comes,Vladislav Sopov,Decred (DCR) Blockchain Veterans Break into DeFi Turf: DEX Goes Live,USA,Online,https://cryptocomes.com/news/decred-dcr-blockchain-veterans-break-into-defi-turf-dex-goes-live
2020-10-22,Trend Online (Quote from Jake taken from previous Cointelegraph article on PayPal),Marliu Pagano ,Paypal e Bitcoin un matrimonio con 320 milioni di invitati,Italy,Online,https://www.trend-online.com/prp/paypal-bitcoin/
2020-10-22,sd001,褚杏娟,PayPal宣布支持加密货币买卖，比特币突破1.28万美元,China,Online,http://www.sd001.com/9119579p1p1
2020-10-26,Day Crypto Trading,Jose A Hernández Márquez,DCRDEX el nuevo exchange descentralizado anunciado por Decred,USA,Online,https://daycryptotrading.com/noticias/dcrdex-exchange-descentralizado-decred/
2020-11-09,Hitechies ,Pramod Dhakal,"Richard Red, Research and Strategy Lead at Decred.org Talks to Pramod Dhakal",Belgium,Podcast,https://www.hitechies.com/richard-red-at-decred-talks-to-pramod-dhakal/
2020-11-18,Brave New Coin,Andy Pickering,How the Decred Dex plans to disrupt the crypto exchange market,U.S.,Podcast,https://bravenewcoin.com/insights/podcasts/how-the-decred-dex-plans-to-disrupt-the-crypto-exchange-market
2020-11-19,Crypto Briefing,Vishal Chawla,Politicians in Brazil Use Decred to Record Political Donations,U.S.,Online,https://cryptobriefing.com/politicians-brazil-use-decred-record-political-donations/
2020-11-19,CoinMarketCap,Vishal Chawla,Politicians in Brazil Use Decred to Record Political Donatio,France,Online,https://coinmarketcap.com/fr/headlines/news/politicians-brazil-use-decred-record-political-donations/
2020-11-19,CoinMarkeTrade,Vishal Chawla,Politicians in Brazil Use Decred to Record Political Donations,U.S.,Online,https://www.coinmarketrade.com/crypto-space-insights/politicians-in-brazil-use-decred-to-record-political-donations/
2020-11-19,Coin Genius News,Vishal Chawla,Politicians in Brazil Use Decred to Record Political Donations,U.S.,Online,https://news.coingenius.ai/politicians-in-brazil-use-decred-to-record-political-donations/
2020-11-19,ICO Talk News,Vishal Chawla,Politicians in Brazil Use Decred to Record Political Donations,U.S.,Online,https://icotalknews.com/technology/politicians-in-brazil-use-decred-to-record-political-donations-2/
2020-11-19,DailyCryptoFeed,Vishal Chawla,Politicians in Brazil Use Decred to Document Political Donations,U.S.,Online,https://dailycryptofeed.com/politicians-in-brazil-use-decred-to-document-political-donations/
2020-11-19,All Bit News,Vishal Chawla,Politicians in Brazil Use Decred to Record Political Donations,U.S.,Online,http://allbitnews.com/politicians-in-brazil-use-decred-to-record-political-donations/
2020-11-19,The Cryptomonist,Alfredo de Candia,"Elections in Brazil, donations on blockchain",Italy,Online,https://en.cryptonomist.ch/2020/11/19/elections-in-brazil-donations-on-blockchain/
2020-11-19,BitcoinEthereumNews,Alfredo de Candia,"Pilihan raya di Brazil, sumbangan pada blockchain- The Cryptonomist",Malaysia,Online,https://ms.bitcoinethereumnews.com/blockchain/elections-in-brazil-donations-on-blockchain-the-cryptonomist/
2020-11-19,MaxBit,Alfredo de Candia,"Elections in Brazil, donations on blockchain",U.S.,Online,https://maxbit.cc/elections-in-brazil-donations-on-blockchain-the-cryptonomist/
2020-11-19,0xFintech,Alfredo de Candia,"Elections in Brazil, donations on blockchain",Malta,Online,https://0xfintech.com/20201119178816.html
2020-11-19,Geek Insider,Alan Daniel,Brazil Implements Decred Blockchain for 2020 Municipal Elections,U.S.,Online,https://geekinsider.com/decred-blockchain-for-brazil-municipal-elections/
2020-11-19,Blochain Latinoamerica,Hannibal Misel,Blockchain para Donaciones Transparentes,U.S.,Online,https://blockchainlatinoamerica.com/blockchain/blockchain-para-donaciones-transparentes/
2020-11-21,Explica.co,Explica.co,Ripple’s Waves and XRP Ahead on Weekly Top with More Than 50% Hikes,U.S.,Online,https://www.explica.co/ripples-waves-and-xrp-ahead-on-weekly-top-with-more-than-50-hikes/
2020-11-22,Cointelegraph,BJ Pirus,Friendliest of them all? These could be the best places for crypto,U.S.,Online,https://cointelegraph.com/news/friendliest-of-them-all-these-could-be-the-best-countries-for-crypto
2020-11-22,Cointelegraph (Italy),BJ Pirus,Qual è il Paese più crypto-friendly del mondo?,Italy,Online,https://it.cointelegraph.com/news/friendliest-of-them-all-these-could-be-the-best-countries-for-crypto
2020-11-22,Investing.com,BJ Pirus,Friendliest of them all? These could be the best countries for crypto ,U.S.,Online,https://www.investing.com/news/cryptocurrency-news/friendliest-of-them-all-these-could-be-the-best-countries-for-crypto-2353744
2020-11-22,Geek Meta,BJ Pirus,Decred联合创始人：美国是最合适加密发展的国家,China,Online,https://www.geekmeta.com/flash/2695638.html
2020-11-23,Crypto News Austrailia,BJ Pirus,Friendliest of them all? These could be the best countries for crypto,Austrailia,Online,https://cryptonews.com.au/story/friendliest-of-them-all-these-could-be-the-best-countries-for-crypto-144098
2020-11-23,Hash Telegraph,BJ Pirus,Уровень свобод в США благоприятствует владельцам криптовалют — соучредитель Decred Подробнее:,Russia,Online,https://hashtelegraph.com/uroven-svobod-v-ssha-blagoprijatstvuet-vladelcam-kriptovaljut-souchreditel-decred/
2020-11-23,BTC Wires,BJ Pirus,Friendliest of them all? These can be the simplest countries for crypto,UK,Online,https://www.btcwires.com/c-buzz/friendliest-of-them-all-these-can-be-the-simplest-countries-for-crypto/
2020-11-23,Bharat Express,BJ Pirus,The friendliest of all? These could be the best countries for crypto,U.S.,Online,https://www.thebharatexpressnews.com/the-friendliest-of-all-these-could-be-the-best-countries-for-crypto/
2020-11-23,EntretenimientoBit,BJ Pirus,¿El más amigable de todos? Estos podrían ser las mejores naciones para las criptomonedas,Argentina,Online,https://entretenimientobit.com/crypto/el-mas-amigable-de-todos-estos-podrian-ser-las-mejores-naciones-para-las-criptomonedas/
2020-11-23,iProUP,BJ Pirus,"¿Cuál es el país más ""amigable"" con las criptomonedas?: los expertos responden esa duda",Argentina,Online,https://www.iproup.com/economia-digital/18532-bitcoin-cual-es-el-pais-mas-amigable-con-las-criptomonedas
2020-11-23,Españamadrid,BJ Pirus,¿El más amigable de todos? Estos podrían ser los mejores países para las criptomonedas,Spain,Online,https://xn--espaamadrid-4db.com/es/el-mas-amigable-de-todos-estos-podrian-ser-los-mejores-paises-para-las-criptomonedas-230161.html#
2020-11-23,Marketing Millionario,BJ Pirus,¿El más amigable de todos? Estos podrían ser las mejores naciones para las criptomonedas,Spain,Online,https://marketingmillonario.com/el-mas-amable-de-todos-estos-podrian-ser-los-mejores-paises-para-cripto/
2020-11-23,Ranzware,BJ Pirus,Friendliest of them all? These could be the best places for crypto,Kuwait,Online,https://www.ranzware.com/10018
2020-11-23,Fengniaocaijing,BJ Pirus,加密货币最友好国家 美国vs波多黎各？,China,Online,http://www.fengniaocaijing.com/article/detail?article_id=210040
2020-11-23,Universe News,BJ Pirus,Friendliest of all of them? These might be the perfect nations for crypto,India,Online,https://universenews.in/friendliest-of-them-all-these-could-be-the-best-countries-for-crypto/
2020-11-23,Beekuaibao,BJ Pirus,加密货币最友好国家 美国vs波多黎各？,China,Online,https://www.beekuaibao.com/article/780551689744703488
2020-11-23,QKLW,BJ Pirus,Decred联合创始人：美国是最合适加密发展的国家,China,Online,https://www.qklw.com/lives/20201123/143442.html
2020-11-23,Burada Biliyorum,BJ Pirus,Friendliest of them all? These could be the best countries for crypto,Turkey,Online,https://en.buradabiliyorum.com/
2020-11-22,huoxing24,BJ Pirus,Decred联合创始人：美国是最合适加密发展的国家,China,Online,https://news.huoxing24.com/flash/20201123085236144282.html
2020-11-23,Europe World News,BJ Pirus,Friendliest of them all? These could be the best countries for cryptocurrencies,U.S.,Online,https://www.europeworldnews.com/friendliest-of-them-all-these-could-be-the-best-countries-for-cryptocurrencies/
2020-11-23,ChainDD,BJ Pirus,加密货币最友好国家，美国vs波多黎各？,China,Online,https://www.chaindd.com/3445610.html
2020-11-23,0xzx,BJ Pirus,他们所有人都友好吗？ 这些可能是加密货币的最佳国?,China,Online,https://0xzx.com/202011230900967792.html
2020-11-23,WebGiaCoin,BJ Pirus,Thân thiện nhất trong số họ? đây có thể là những quốc gia tốt nhất cho tiền điện tử,Vietnam,Online,https://webgiacoin.com/tintuc/than-thien-nhat-trong-so-ho-day-co-the-la-nhung-quoc-gia-tot-nhat-cho-tien-dien-tu-23596.html
2020-11-24,CNGold,BJ Pirus,加密货币最友好国家 美国vs波多黎各？,China,Online,http://gold.cngold.com.cn/20201124d11141n348774862.html
2020-11-24,Sohu,BJ Pirus,加密货币最友好国家，美国vs波多黎各？,China,Online,https://www.sohu.com/a/433877148_100217347
2020-11-24,鏈聞 ChainNews,BJ Pirus,美國被認爲是對加密貨幣最友好的國家,China,Online,https://www.chainnews.com/zh-hant/articles/494030309396.htm
2020-11-24,ReadBlocks,BJ Pirus,加密货币最友好国家，美国vs波多黎各？,China,Online,https://www.readblocks.com/archives/57328
2020-11-24,PANews Lab,BJ Pirus,加密货币最友好国家，美国还是波多黎各？,China,Online,https://www.panewslab.com/wap/zh/articledetails/D94658593.html
2020-11-24,Maitian News,BJ Pirus,加密货币最友好国家，美国vs波多黎各？,China,Online,http://www.maitiannews.com/news/4194
2020-11-24,Housten Roofing Directory,BJ Pirus,Friendliest of all of them? These might be the very best locations for crypto,U.S.,Online,http://houstonroofingdirectory.com/friendliest-of-them-all-these-could-be-the-best-places-for-crypto/
2020-11-24,Coin Otag,BJ Pirus,En kripto dostu ülke hangisi?,Turkey,Online,https://coinotag.com/en-kripto-dostu-ulke-hangisi/
2020-11-24,btc17,BJ Pirus,加密货币最友好的国家，美国和波多黎各？,China,Online,https://www.btc17.com/40807.html
2020-11-24,CCValue,BJ Pirus,加密货币最友好国家 美国vs波多黎各？,China,Online,https://www.ccvalue.cn/article/676943.html
2020-11-24,btc798,BJ Pirus,加密货币最友好国家，美国vs波多黎各？,China ,Online,http://www.btc798.com/articles/82179.html
2020-11-23,Masters of Nodes,Inkarias,Decred blockchain system implemented in Brazil municipal elections,UK,Online,https://mastersofnodes.com/decred-blockchain-system-implemented-in-brazil-municipal-elections
2020-11-23,Medium,Mickael Mosse,These could be the best countries for crypto.,U.S.,Online,https://mickaelmosse.medium.com/these-could-be-the-best-countries-for-crypto-59083ccd7c17
2020-11-25,Digital Cash Network ,Joël Valenzuela,"Luke Powell on Decred Governance, Hybrid Consensus, and New Decentralized Treasury",U.S.,Podcast,https://odysee.com/@DigitalCashNetwork:c/Decred:6?r=FqowB2QREmrBV4DcLpAWb8cz2K4gYVUV
2020-11-27,Cointelegraph,BJ Pirus,Decred co-founder explains rationale behind Bitcoin bull and bear cycles,U.S.,Online,https://cointelegraph.com/news/decred-co-founder-explains-rationale-behind-bitcoin-bull-and-bear-cycles
2020-11-28,Cointelegraph (Italy),BJ Pirus,Co-founder di Decred: i cicli di Bitcoin sono legati anche alla psicologia umana,Italy,Online,https://it.cointelegraph.com/news/decred-co-founder-explains-rationale-behind-bitcoin-bull-and-bear-cycles
2020-11-27,Cointelegraph (Germany),BJ Pirus,Decred-Mitgründer erklärt „Psychologie“ hinter Kursbewegungen von Bitcoin,German,Online,https://de.cointelegraph.com/news/decred-co-founder-explains-rationale-behind-bitcoin-bull-and-bear-cycles
2020-11-27,Cointelegraph (Spain),BJ Pirus,El cofundador de Decred explica la razón detrás de los ciclos alcistas y bajistas de Bitcoin,Spain,Online,https://es.cointelegraph.com/news/decred-co-founder-explains-rationale-behind-bitcoin-bull-and-bear-cycles
2020-11-27,Cointelegraph (Brazil),BJ Pirus,Cofundador da Decred explica lógica por trás dos mercados de baixa e alta do Bitcoin,Brazil,Online,https://cointelegraph.com.br/news/decred-co-founder-explains-rationale-behind-bitcoin-bull-and-bear-cycles
2020-11-27,Investing.com,BJ Pirus,Decred co-founder explains rationale behind Bitcoin bull and bear cycles,U.S.,Online,https://m.investing.com/news/cryptocurrency-news/decred-cofounder-explains-rationale-behind-bitcoin-bull-and-bear-cycles-2357517
2020-11-27,World News Report 1,BJ Pirus,Decred co-founder explains rationale behind Bitcoin bull and bear cycles,U.S.,Online,https://www.worldnewsreport1.com/2020/11/27/decred-co-founder-explains-rationale-behind-bitcoin-bull-and-bear-cycles/
2020-11-27,The Bhrat Express,BJ Pirus,Decred co-founder explains the rationale for Bitcoin’s bullish and bearish cycles,U.S.,Online,https://www.thebharatexpressnews.com/decred-co-founder-explains-the-rationale-for-bitcoins-bullish-and-bearish-cycles/
2020-11-29,LaptrinhX,BJ Pirus,"Bitcoin Price Prediction: BTC/USD Is Likely to Face Deeper Correction if Bulls Fail to Resume Upside Momentum above $18,000 High",U.S.,Online,https://laptrinhx.com/bitcoin-price-prediction-btc-usd-is-likely-to-face-deeper-correction-if-bulls-fail-to-resume-upside-momentum-above-18-000-high-1332873289/
2020-11-28,EntretenimientoBit,BJ Pirus,El cofundador de Decred informa la causa detrás de los ciclos alcistas y bajistas de Bitcoin,Argentina,Online,https://entretenimientobit.com/crypto/el-cofundador-de-decred-informa-la-causa-detras-de-los-ciclos-alcistas-y-bajistas-de-bitcoin/
2020-11-27,geonomie.fr,BJ Pirus,Le co-fondateur de Decred explique la justification des cycles haussiers et baissiers de Bitcoin,France,Online,https://www.geonomie.fr/actualite/bitcoin/le-co-fondateur-de-decred-explique-la-justification-des-cycles-haussiers-et-baissiers-de-bitcoin/
2020-11-28,The Breaking News Headlines,BJ Pirus,Decred co-founder explains rationale behind Bitcoin bull and bear cycles,U.S.,Online,https://thebreakingnewsheadlines.com/blog/decred-co-founder-explains-rationale-behind-bitcoin-bull-and-bear-cycles/
2020-11-27,We Buy Bitcoins,BJ Pirus,Decred co-founder explains rationale behind Bitcoin bull and bear cycles,Austrailia,Online,https://www.webuybitcoins.com.au/decred-co-founder-explains-rationale-behind-bitcoin-bull-and-bear-cycles/
2020-11-27,Krypto Wahrung,BJ Pirus,Decred Mitbegründer erläutert die Gründe für die Zyklen von Bullen und Bären bei Bitcoin,Germany,Online,https://kryptowahrung.org/decred-mitbegruender-erlaeutert-die-gruende-fuer-die-zyklen-von-bullen-und-baeren-bei-bitcoin/
2020-11-28,CoinCorner.ch,BJ Pirus,Decred-Mitgründer erklärt „Psychologie“ hinter Kursbewegungen von Bitcoin,Germany,Online,https://coincorner.ch/category/news/bitcoin-kurs/
2020-11-27,24Cripto,BJ Pirus,El cofundador de Decred explica la razón detrás de los ciclos alcistas y bajistas de Bitcoin,Spain,Online,https://24cripto.com/el-cofundador-de-decred-explica-la-razon-detras-de-los-ciclos-alcistas-y-bajistas-de-bitcoin/
2020-11-29,Bitcoinethereumnews,BJ Pirus,"BTC / USD tends to face a deeper correction if the Bulls fail to continue the upside momentum above the $ 18,000 high",Malaysia,Online,https://ms.bitcoinethereumnews.com/bitcoin/btc-usd-is-likely-to-face-deeper-correction-if-bulls-fail-to-resume-upside-momentum-above-18000-high/
2020-11-27,CryptoNewsBoy,BJ Pirus,Der verstorbene Mitbegründer erklärt die Gründe für die Bullen- und Bärenzyklen von Bitcoin,Germany,Online,https://www.cryptonewsboy.de/der-verstorbene-mitbegruender-erklaert-die-gruende-fuer-die-bullen-und-baerenzyklen-von-bitcoin/
2020-12-01,Nasdaq TradeTalks,Jill Malandrino,".@decredproject Co-Founder & Project Lead @behindtext joins @JillMalandrino on @Nasdaq #TradeTalks to discuss how blockchain can be used in elections by providing greater transparency, security and legitimacy to voting systems.",U.S.,Online,https://twitter.com/TradeTalks/status/1333885202385436673?s=20
2020-12-02,Nasdaq,Jill Maladrino,#TradeTalks: How can blockchain can be used in elections?,U.S.,Online,https://www.nasdaq.com/videos/tradetalks:-how-can-blockchain-can-be-used-in-elections
2020-12-03,CoinJournal (References Jake's Nasdaq interview),Benson Toti,Decred bounces off $42 after spiking 50%,UK,Online,https://coinjournal.net/news/decred-bounces-off-42-after-spiking-50/
2020-12-03,Coin24  (References Jake's Nasdaq interview),Benson Toti,Decred rebondit à 42 $ après avoir augmenté de 50 %,France,Online,https://coin24.fr/actualites/decred-rebondit-a-42-apres-avoir-augmente-de-50/
2020-12-03,Guia Do Bitcoin  (References Jake's Nasdaq interview),Benson Toti,Decred rebate $ 42 após atingir 50%,Brazil,Online,https://guiadobitcoin.com.br/noticias/decred-rebate-42-apos-atingir-50/
2020-12-05,Forex Academy (References Jake's Cointelegraph interview on Bear and Bull Cycles),Keiran,How To Spot Bitcoin Bull & Bear Cycles Beginners Edition!,U.S.,Online,https://www.forex.academy/how-to-spot-bitcoin-bull-bear-cycles-beginners-edition/
2020-12-03,CryptoPotato (References Jake's Nasdaq interview),Martin Young,Decred (DCR) Pumps 50% as Social Sentiment Surges,Bulgaria,Online,https://cryptopotato.com/decred-dcr-pumps-50-as-social-sentiment-surges/
2020-12-01,CoinMarket Cap (References Jake's Nasdaq Interview),N/A,Decred co-founder on Nasdaq TradeTalks,France,Online,https://coinmarketcap.com/headlines/signals/decred-co-founder-on-nasdaq-tradetalks-decred/
2020-12-03,Cryptomode,JP Buntinx,5 Reasons Why You Shouldn’t Overlook Decred (DCR),U.S.,Online,https://cryptomode.com/5-reasons-why-you-shouldnt-overlook-decred-dcr/
2020-12-08,Brave New Coin (References DCRDEX launch),Josh Olszewicz,Decred Price Analysis - Active addresses hit all-time highs as trend metrics flip bullish,U.S.,Online,https://bravenewcoin.com/insights/decred-price-analysis-active-addresses-hit-all-time-highs-as-trend-metrics
2020-11-29,Inside Bitcoins (References Jake's Cointelegraph interview on Bear and Bull Cycles),Azeez Mustapha,"Bitcoin Price Prediction: BTC/USD Is Likely to Face Deeper Correction if Bulls Fail to Resume Upside Momentum above $18,000 High",UK,Online,https://insidebitcoins.com/news/bitcoin-btc-price-prediction-november-29-2020-2
2020-12-02,The Union Journal (References Jake's Nasdaq interview),Union Journal Staff,Ledger CTO discusses wallet’s safety after multiple security setbacks,U.S.,Online,https://www.theunionjournal.com/ledger-cto-discusses-wallets-safety-after-multiple-security-setbacks/
2020-12-10,Geek Insider Podcast,Meredith Loughran,Jake Yocom-Piatt talks Decred and Blockchain,U.S.,Podcast,https://www.youtube.com/watch?v=mYK_Awn1wTk
2020-12-17,Cointelegraph,Rakesh Upadhyay,"Bitcoin bull market pulls Kusama (KSM), Decred (DCR) and Qtum price higher",U.S.,Online,https://cointelegraph.com/news/bitcoin-bull-market-pulls-kusama-ksm-decred-dcr-and-qtum-price-higher
2020-12-17,Cointelegraph,Rakesh Upadhyay,"El mercado alcista de Bitcoin impulsa el precio de Kusama (KSM), Decred (DCR) y Qtum",Spain,Online,https://es.cointelegraph.com/news/bitcoin-bull-market-pulls-kusama-ksm-decred-dcr-and-qtum-price-higher
2020-12-17,Crypto News Pipe,Rakesh Upadhyay,"Bitcoin bull market pulls Kusama (KSM), Decred (DCR) and Qtum price higher",U.S.,Online,https://cryptonewspipe.com/2020/12/17/bitcoin-bull-market-pulls-kusama-ksm-decred-dcr-and-qtum-price-higher/
2020-12-17,ForexTV,Rakesh Upadhyay,"Bitcoin bull market pulls Kusama (KSM), Decred (DCR) and Qtum price higher",U.S.,Online,https://forextv.com/bitcoin-news/bitcoin-bull-market-pulls-kusama-ksm-decred-dcr-and-qtum-price-higher/
2020-12-18,Crypto News Austrailia,Rakesh Upadhyay,"Bitcoin bull market pulls Kusama (KSM), Decred (DCR) and Qtum price higher",Austrailia ,Online,https://cryptonews.com.au/story/bitcoin-bull-market-pulls-kusama-ksm-decred-dcr-and-qtum-price-higher-147023
2020-12-22,KQLCN  (References Jake Cointelegraph interview on Bitcoin scaling),Benjamin Pirus,比特币价格：比特币仍然面临链上扩展的麻烦,China,Online,http://www.kqlcn.com/btb/huiyi/3222.html
2021-11-01,Bit China (References Jake's Cointelegraph article on the U.S. being friendly to cryptocurrency),Bit Shenzhou,加密货币最友好国家，美国vs波多黎各？,China,Online,http://www.szlbtc.com/btc/18229.html
2021-01-17,Cointelegraph,Benjamin Pirus,Decred co-founder explains the possible effects of a CBDC takeover,U.S.,Online,https://cointelegraph.com/news/decred-co-founder-explains-the-possible-effects-of-a-cbdc-takeover
2021-01-17,Cointelegraph (Spain),Benjamin Pirus,Decred co-founder explains the possible effects of a CBDC takeover,Spain,Online,https://es.cointelegraph.com/news/decred-co-founder-explains-the-possible-effects-of-a-cbdc-takeover
2021-01-17,Cointelegraph (Brazil),Benjamin Pirus,Decred co-founder explains the possible effects of a CBDC takeover,Brazil,Online,https://cointelegraph.com.br/news/decred-co-founder-explains-the-possible-effects-of-a-cbdc-takeover
2021-01-17,Cointelegraph (Germany),Benjamin Pirus,Decred co-founder explains the possible effects of a CBDC takeover,Germany,Online,https://de.cointelegraph.com/news/decred-co-founder-explains-the-possible-effects-of-a-cbdc-takeover
2021-01-18,Cointelegraph (Italy),Benjamin Pirus,Decred co-founder explains the possible effects of a CBDC takeover,Italy,Online,https://it.cointelegraph.com/news/decred-co-founder-explains-the-possible-effects-of-a-cbdc-takeover
2021-01-18,Investing.com,Benjamin Pirus,Decred co-founder explains the possible effects of a CBDC takeover,U.S.,Online,https://www.investing.com/news/cryptocurrency-news/decred-cofounder-explains-the-possible-effects-of-a-cbdc-takeover-2391956
2021-01-18,Tech Web,Benjamin Pirus,Decred创始人：大规模CBDC发行将如何影响加密领域？,China,Online,http://www.techweb.com.cn/world/2021-01-18/2821680.shtml
2021-01-17,Newslocker,Benjamin Pirus,Decred co-founder explains the possible effects of a CBDC takeover,U.S.,Online,https://www.newslocker.com/en-us/news/cryptocurrency/decred-co-founder-explains-the-possible-effects-of-a-cbdc-takeover/view/
2021-01-18,Proexpress,Benjamin Pirus ,Сооснователь Decred: «цифровые валюты ЦБ — не помеха криптовалютам»,Russia,Online,https://proexpress.com.ua/soosnovatel-decred-tsifrovye-valyuty-tsb-ne-pomeha-kriptovalyutam/?utm_source=redtram&utm_medium=referral&utm_campaign=news&utm_content=598862976&utm_term=378330&rt_campaign=356014&rt_click_id=7911563
2021-01-17,Bharat Express,Benjamin Pirus,Decred co-founder explains possible effects of CBDC takeover,India,Online,https://www.thebharatexpressnews.com/decred-co-founder-explains-possible-effects-of-cbdc-takeover/
2021-01-18,Algo 25,Benjamin Birus,"Le CBDC potrebbero rendere le stablecoin obsolete, prevede Jake Yocom-Piatt Da Algo24",Italy,Online,https://algo24.news/le-cbdc-potrebbero-rendere-le-stablecoin-obsolete-prevede-jake-yocom-piatt-da-algo24/
2021-01-17,NewsBreak,Benjamin Pirus,Decred co-founder explains the possible effects of a CBDC takeover,U.S.,Online,https://www.newsbreak.com/news/2146485801858/decred-co-founder-explains-the-possible-effects-of-a-cbdc-takeover
2021-01-18,ifeng,Benjamin Pirus,Decred创始人：大规模CBDC发行将如何影响加密领域？,China,Online,https://tech.ifeng.com/c/838GzRJrnXR
2021-01-17,Europe & World News,Benjamin Pirus,The declared co-founder explains possible effects of CBDCs on the cryptocurrency space,U.S.,Online,https://www.europeworldnews.com/the-declared-co-founder-explains-possible-effects-of-cbdcs-on-the-cryptocurrency-space/
2021-01-17,DC Forecasts,Benjamin Pirus,Decred’s Co-Founder Explains How CBDCs Could Affect The Crypto Space,U.K.,Online,https://www.dcforecasts.com/altcoin-news/decreds-co-founder-explains-how-cbdcs-could-affect-the-crypto-space/
2021-01-18,Bits.media,Benjamin Pirus,Сооснователь Decred: «цифровые валюты ЦБ — не помеха криптовалютам»,Russia,Online,https://bits.media/soosnovatel-decred-tsifrovye-valyuty-tsb-ne-pomekha-kriptovalyutam/
2021-01-17,EZanime,Benjamin Pirus,El cofundador de Decred explica los posibles efectos de una adquisición de CBDC,Spain,Online,https://www.ezanime.net/el-cofundador-de-decred-explica-los-posibles-efectos-de-una-adquisicion-de-cbdc/
2021-01-17,geonomie,Benjamin Pirus,Le co-fondateur de Decred explique les effets possibles d’une prise de contrôle de CBDC,France,Online,https://www.geonomie.fr/actualite/crypto-monnaie/le-co-fondateur-de-decred-explique-les-effets-possibles-dune-prise-de-controle-de-cbdc/
2021-01-18,Token Pocket News,Benjamin Pirus,Decred co-founder explains the possible effects of a CBDC takeover,Singaport,Online,https://www.tokenpocket.pro/en/news
2021-01-17,0x News,Benjamin Pirus,Decred联合创始人解释了CBDC收购的可能影响,China,Online,https://0xzx.com/2021011722211098430.html
2021-01-17,WebGiaCoin,Benjamin Pirus,Người đồng sáng lập Decred giải thích những ảnh hưởng có thể có của việc tiếp quản CBDC,Vietnam,Online,https://webgiacoin.com/tintuc/nguoi-dong-sang-lap-decred-giai-thich-nhung-anh-huong-co-the-co-cua-viec-tiep-quan-cbdc-26679.html
2021-01-17,Coin Vedi,Benjamin Pirus,Decred联合创始人解释了CBDC收购的可能影响,China,Online,https://coinvedi.com/zh/decred-co-founder-explains-the-possible-effects-of-a-cbdc-takeover/
2021-01-18,Chain Coin News,Benjamin Pirus,Decred联合创始人解释了CBDC收购的可能影响,China,Online,http://www.12318.org/index.php/2021/01/18/4705/
2021-01-17,247 Charts,Benjamin Pirus,Decred co-founder explains the possible effects of a CBDC takeover,U.S.,Online,https://247charts.com/2021/01/17/decred-co-founder-explains-the-possible-effects-of-a-cbdc-takeover/
2021-01-17,Token Myanmar,Benjamin Pirus,ဂုဏ်သိက္ခာရှိရှိပူးတွဲတည်ထောင်သူသည် CBDC ၏ဖြစ်နိုင်ချေရှိသောသက်ရောက်မှုများကိုရှင်းပြသည်,Burma,Online,https://tokenmyanmar.com/2021-01-17/%E1%80%82%E1%80%AF%E1%80%8F%E1%80%BA%E1%80%9E%E1%80%AD%E1%80%80%E1%80%B9%E1%80%81%E1%80%AC%E1%80%9B%E1%80%BE%E1%80%AD%E1%80%9B%E1%80%BE%E1%80%AD%E1%80%95%E1%80%B0%E1%80%B8%E1%80%90%E1%80%BD%E1%80%B2/
2021-01-18,World Stock Market ,Derek Black,"Co-founder of Decred: ""Digital Currencies of the Central Bank are not an obstacle to cryptocurrencies""",U.S.,Online,https://www.worldstockmarket.net/co-founder-of-decred-digital-currencies-of-the-central-bank-are-not-an-obstacle-to-cryptocurrencies/
2021-01-19,Cointelegraph (References Jakes article from Cointelegraph on CBDCs),Benjamin Pirus,Horizen Labs' co-founder says CBDCs could raise Bitcoin awareness,U.S.,Online,https://cointelegraph.com/news/horizen-labs-co-founder-says-cbdcs-could-raise-bitcoin-awareness
2021-01-19,Cointelegraph (Spain),Benjamin Pirus,El cofundador de Horizon Labs dice que las CBDC podrían aumentar la conciencia sobre Bitcoin,Spain,Online,https://es.cointelegraph.com/news/horizen-labs-co-founder-says-cbdcs-could-raise-bitcoin-awareness
2021-01-21,Cointelegraph (Italy),Benjamin Pirus,"Secondo Dean Steinbeck, le CBDC potrebbero accrescere la consapevolezza su Bitcoin",Italy,Online,https://it.cointelegraph.com/news/horizen-labs-co-founder-says-cbdcs-could-raise-bitcoin-awareness
2021-01-20,Cointelegraph (China),Benjamin Pirus,Horizon Labs联合创始人：CBDC可能会提高人们对比特币的认识,China,Online,https://cointelegraphcn.com/news/horizen-labs-co-founder-says-cbdcs-could-raise-bitcoin-awareness
2021-01-20,8btc,Benjamin Pirus,Horizon Labs聯合創始人：CBDC可能會提高人們對比特幣的認識,China,Online,https://www.8btc.com/article/6587443
2021-01-21,China Gold Network,Benjamin Pirus,Horizon Labs联合创始人：CBDC可能会提高人们对比特币的认识,China,Online,http://gold.cngold.com.cn/20210121d11141n349755638.html
2021-01-19,Investing.com,Benjamin Pirus,Horizen Labs' co-founder says CBDCs could raise Bitcoin awareness,U.S.,Online,https://www.investing.com/news/cryptocurrency-news/horizen-labs-cofounder-says-cbdcs-could-raise-bitcoin-awareness-2393330
2021-01-19,Europe World News,Benjamin Pirus,Horizen Labs' co-founder says CBDCs could raise Bitcoin awareness,U.S.,Online,https://www.europeworldnews.com/the-co-founder-of-horizon-labs-says-cbdcs-could-raise-bitcoin-awareness/
2021-01-20,Bharat Express,Benjamin Pirus,Horizen Labs Co-Founder Says CBDCs Could Raise Bitcoin Awareness,India,Online,https://www.thebharatexpressnews.com/horizen-labs-co-founder-says-cbdcs-could-raise-bitcoin-awareness/
2021-01-26,Bitcoin Exchange Guide,Lujan Odera,"Decred Launches Private Transactions, Integrates Lightning Network & Decentralizes Treasury",Brazil,Online,https://bitcoinexchangeguide.com/decred-launches-private-transactions-integrates-lightning-network-decentralizes-treasury/
2021-01-26,CryptoMode,,Decred’s Position as Money Evolved Further Cemented by Three New Features,U.S.,Online,https://cryptomode.com/decreds-position-as-money-evolved-further-cemented-by-three-new-features/
2021-01-26,8btc,Li Xiaoping,Decred发布v1.6版本，包含闪电网络集成等更新,China,Online,https://www.8btc.com/article/6589360
